$ pnpm build:platform && tsc -p tests/visual/tsconfig.json && playwright test --config tests/visual/playwright.config.mjs
$ pnpm build:runtime && pnpm --filter @aeliqo/web build && pnpm --filter @aeliqo/react build
$ pnpm build:core && pnpm --filter @aeliqo/runtime build
$ pnpm --filter @aeliqo/core build
$ tsc -p tsconfig.json && node scripts/generate-schemas.mjs
$ tsc -p tsconfig.json
$ tsc -p tsconfig.json
$ tsc -p tsconfig.json
[WebServer] (node:18050) Warning: The 'NO_COLOR' env is ignored due to the 'FORCE_COLOR' env being set.
[WebServer] (Use `node --trace-warnings ...` to show where the warning was created)
[WebServer] (node:18051) Warning: The 'NO_COLOR' env is ignored due to the 'FORCE_COLOR' env being set.
[WebServer] (Use `node --trace-warnings ...` to show where the warning was created)

Running 882 tests using 1 worker

(node:18057) Warning: The 'NO_COLOR' env is ignored due to the 'FORCE_COLOR' env being set.
(Use `node --trace-warnings ...` to show where the warning was created)
[WebServer] 7:38:07 AM [vite] (client) [console.warn] Lit is in dev mode. Not recommended for production! See https://lit.dev/msg/dev-mode for more information.
  ✓    1 [chromium] › tests/visual/catalog.spec.ts:7:6 › button desktop-light (462ms)
[WebServer] 7:38:07 AM [vite] (client) [console.warn] Lit is in dev mode. Not recommended for production! See https://lit.dev/msg/dev-mode for more information.
  ✓    2 [chromium] › tests/visual/catalog.spec.ts:7:6 › button narrow-dark-rtl (386ms)
[WebServer] 7:38:07 AM [vite] (client) [console.warn] Lit is in dev mode. Not recommended for production! See https://lit.dev/msg/dev-mode for more information.
  ✓    3 [chromium] › tests/visual/catalog.spec.ts:7:6 › icon-button desktop-light (414ms)
[WebServer] 7:38:08 AM [vite] (client) [console.warn] Lit is in dev mode. Not recommended for production! See https://lit.dev/msg/dev-mode for more information.
  ✓    4 [chromium] › tests/visual/catalog.spec.ts:7:6 › icon-button narrow-dark-rtl (409ms)
[WebServer] 7:38:08 AM [vite] (client) [console.warn] Lit is in dev mode. Not recommended for production! See https://lit.dev/msg/dev-mode for more information.
  ✓    5 [chromium] › tests/visual/catalog.spec.ts:7:6 › link desktop-light (451ms)
[WebServer] 7:38:09 AM [vite] (client) [console.warn] Lit is in dev mode. Not recommended for production! See https://lit.dev/msg/dev-mode for more information.
  ✓    6 [chromium] › tests/visual/catalog.spec.ts:7:6 › link narrow-dark-rtl (403ms)
[WebServer] 7:38:09 AM [vite] (client) [console.warn] Lit is in dev mode. Not recommended for production! See https://lit.dev/msg/dev-mode for more information.
  ✓    7 [chromium] › tests/visual/catalog.spec.ts:7:6 › text desktop-light (397ms)
[WebServer] 7:38:10 AM [vite] (client) [console.warn] Lit is in dev mode. Not recommended for production! See https://lit.dev/msg/dev-mode for more information.
  ✓    8 [chromium] › tests/visual/catalog.spec.ts:7:6 › text narrow-dark-rtl (394ms)
[WebServer] 7:38:10 AM [vite] (client) [console.warn] Lit is in dev mode. Not recommended for production! See https://lit.dev/msg/dev-mode for more information.
  ✓    9 [chromium] › tests/visual/catalog.spec.ts:7:6 › heading desktop-light (405ms)
[WebServer] 7:38:10 AM [vite] (client) [console.warn] Lit is in dev mode. Not recommended for production! See https://lit.dev/msg/dev-mode for more information.
  ✓   10 [chromium] › tests/visual/catalog.spec.ts:7:6 › heading narrow-dark-rtl (398ms)
[WebServer] 7:38:11 AM [vite] (client) [console.warn] Lit is in dev mode. Not recommended for production! See https://lit.dev/msg/dev-mode for more information.
  ✓   11 [chromium] › tests/visual/catalog.spec.ts:7:6 › badge desktop-light (401ms)
[WebServer] 7:38:11 AM [vite] (client) [console.warn] Lit is in dev mode. Not recommended for production! See https://lit.dev/msg/dev-mode for more information.
  ✓   12 [chromium] › tests/visual/catalog.spec.ts:7:6 › badge narrow-dark-rtl (392ms)
[WebServer] 7:38:12 AM [vite] (client) [console.warn] Lit is in dev mode. Not recommended for production! See https://lit.dev/msg/dev-mode for more information.
  ✓   13 [chromium] › tests/visual/catalog.spec.ts:7:6 › avatar desktop-light (434ms)
[WebServer] 7:38:12 AM [vite] (client) [console.warn] Lit is in dev mode. Not recommended for production! See https://lit.dev/msg/dev-mode for more information.
  ✓   14 [chromium] › tests/visual/catalog.spec.ts:7:6 › avatar narrow-dark-rtl (413ms)
[WebServer] 7:38:12 AM [vite] (client) [console.warn] Lit is in dev mode. Not recommended for production! See https://lit.dev/msg/dev-mode for more information.
  ✓   15 [chromium] › tests/visual/catalog.spec.ts:7:6 › separator desktop-light (397ms)
[WebServer] 7:38:13 AM [vite] (client) [console.warn] Lit is in dev mode. Not recommended for production! See https://lit.dev/msg/dev-mode for more information.
  ✓   16 [chromium] › tests/visual/catalog.spec.ts:7:6 › separator narrow-dark-rtl (380ms)
[WebServer] 7:38:13 AM [vite] (client) [console.warn] Lit is in dev mode. Not recommended for production! See https://lit.dev/msg/dev-mode for more information.
  ✓   17 [chromium] › tests/visual/catalog.spec.ts:7:6 › surface desktop-light (396ms)
[WebServer] 7:38:14 AM [vite] (client) [console.warn] Lit is in dev mode. Not recommended for production! See https://lit.dev/msg/dev-mode for more information.
  ✓   18 [chromium] › tests/visual/catalog.spec.ts:7:6 › surface narrow-dark-rtl (381ms)
[WebServer] 7:38:14 AM [vite] (client) [console.warn] Lit is in dev mode. Not recommended for production! See https://lit.dev/msg/dev-mode for more information.
  ✓   19 [chromium] › tests/visual/catalog.spec.ts:7:6 › stack desktop-light (387ms)
[WebServer] 7:38:14 AM [vite] (client) [console.warn] Lit is in dev mode. Not recommended for production! See https://lit.dev/msg/dev-mode for more information.
  ✓   20 [chromium] › tests/visual/catalog.spec.ts:7:6 › stack narrow-dark-rtl (378ms)
[WebServer] 7:38:15 AM [vite] (client) [console.warn] Lit is in dev mode. Not recommended for production! See https://lit.dev/msg/dev-mode for more information.
  ✓   21 [chromium] › tests/visual/catalog.spec.ts:7:6 › grid desktop-light (383ms)
[WebServer] 7:38:15 AM [vite] (client) [console.warn] Lit is in dev mode. Not recommended for production! See https://lit.dev/msg/dev-mode for more information.
  ✓   22 [chromium] › tests/visual/catalog.spec.ts:7:6 › grid narrow-dark-rtl (376ms)
[WebServer] 7:38:15 AM [vite] (client) [console.warn] Lit is in dev mode. Not recommended for production! See https://lit.dev/msg/dev-mode for more information.
  ✓   23 [chromium] › tests/visual/catalog.spec.ts:7:6 › split-pane desktop-light (416ms)
[WebServer] 7:38:16 AM [vite] (client) [console.warn] Lit is in dev mode. Not recommended for production! See https://lit.dev/msg/dev-mode for more information.
  ✓   24 [chromium] › tests/visual/catalog.spec.ts:7:6 › split-pane narrow-dark-rtl (408ms)
[WebServer] 7:38:16 AM [vite] (client) [console.warn] Lit is in dev mode. Not recommended for production! See https://lit.dev/msg/dev-mode for more information.
  ✓   25 [chromium] › tests/visual/catalog.spec.ts:7:6 › scroll-area desktop-light (389ms)
[WebServer] 7:38:17 AM [vite] (client) [console.warn] Lit is in dev mode. Not recommended for production! See https://lit.dev/msg/dev-mode for more information.
  ✓   26 [chromium] › tests/visual/catalog.spec.ts:7:6 › scroll-area narrow-dark-rtl (382ms)
[WebServer] 7:38:17 AM [vite] (client) [console.warn] Lit is in dev mode. Not recommended for production! See https://lit.dev/msg/dev-mode for more information.
  ✓   27 [chromium] › tests/visual/catalog.spec.ts:7:6 › text-field desktop-light (397ms)
[WebServer] 7:38:17 AM [vite] (client) [console.warn] Lit is in dev mode. Not recommended for production! See https://lit.dev/msg/dev-mode for more information.
  ✓   28 [chromium] › tests/visual/catalog.spec.ts:7:6 › text-field narrow-dark-rtl (395ms)
[WebServer] 7:38:18 AM [vite] (client) [console.warn] Lit is in dev mode. Not recommended for production! See https://lit.dev/msg/dev-mode for more information.
  ✓   29 [chromium] › tests/visual/catalog.spec.ts:7:6 › text-area desktop-light (399ms)
[WebServer] 7:38:18 AM [vite] (client) [console.warn] Lit is in dev mode. Not recommended for production! See https://lit.dev/msg/dev-mode for more information.
  ✓   30 [chromium] › tests/visual/catalog.spec.ts:7:6 › text-area narrow-dark-rtl (392ms)
[WebServer] 7:38:19 AM [vite] (client) [console.warn] Lit is in dev mode. Not recommended for production! See https://lit.dev/msg/dev-mode for more information.
  ✓   31 [chromium] › tests/visual/catalog.spec.ts:7:6 › number-field desktop-light (397ms)
[WebServer] 7:38:19 AM [vite] (client) [console.warn] Lit is in dev mode. Not recommended for production! See https://lit.dev/msg/dev-mode for more information.
  ✓   32 [chromium] › tests/visual/catalog.spec.ts:7:6 › number-field narrow-dark-rtl (396ms)
[WebServer] 7:38:19 AM [vite] (client) [console.warn] Lit is in dev mode. Not recommended for production! See https://lit.dev/msg/dev-mode for more information.
  ✓   33 [chromium] › tests/visual/catalog.spec.ts:7:6 › checkbox desktop-light (414ms)
[WebServer] 7:38:20 AM [vite] (client) [console.warn] Lit is in dev mode. Not recommended for production! See https://lit.dev/msg/dev-mode for more information.
  ✓   34 [chromium] › tests/visual/catalog.spec.ts:7:6 › checkbox narrow-dark-rtl (395ms)
[WebServer] 7:38:20 AM [vite] (client) [console.warn] Lit is in dev mode. Not recommended for production! See https://lit.dev/msg/dev-mode for more information.
  ✓   35 [chromium] › tests/visual/catalog.spec.ts:7:6 › radio-group desktop-light (506ms)
[WebServer] 7:38:21 AM [vite] (client) [console.warn] Lit is in dev mode. Not recommended for production! See https://lit.dev/msg/dev-mode for more information.
  ✓   36 [chromium] › tests/visual/catalog.spec.ts:7:6 › radio-group narrow-dark-rtl (413ms)
[WebServer] 7:38:21 AM [vite] (client) [console.warn] Lit is in dev mode. Not recommended for production! See https://lit.dev/msg/dev-mode for more information.
  ✓   37 [chromium] › tests/visual/catalog.spec.ts:7:6 › switch desktop-light (415ms)
[WebServer] 7:38:22 AM [vite] (client) [console.warn] Lit is in dev mode. Not recommended for production! See https://lit.dev/msg/dev-mode for more information.
  ✓   38 [chromium] › tests/visual/catalog.spec.ts:7:6 › switch narrow-dark-rtl (410ms)
[WebServer] 7:38:22 AM [vite] (client) [console.warn] Lit is in dev mode. Not recommended for production! See https://lit.dev/msg/dev-mode for more information.
  ✓   39 [chromium] › tests/visual/catalog.spec.ts:7:6 › select desktop-light (414ms)
[WebServer] 7:38:22 AM [vite] (client) [console.warn] Lit is in dev mode. Not recommended for production! See https://lit.dev/msg/dev-mode for more information.
  ✓   40 [chromium] › tests/visual/catalog.spec.ts:7:6 › select narrow-dark-rtl (383ms)
[WebServer] 7:38:23 AM [vite] (client) [console.warn] Lit is in dev mode. Not recommended for production! See https://lit.dev/msg/dev-mode for more information.
  ✓   41 [chromium] › tests/visual/catalog.spec.ts:7:6 › combobox desktop-light (414ms)
[WebServer] 7:38:23 AM [vite] (client) [console.warn] Lit is in dev mode. Not recommended for production! See https://lit.dev/msg/dev-mode for more information.
  ✓   42 [chromium] › tests/visual/catalog.spec.ts:7:6 › combobox narrow-dark-rtl (391ms)
[WebServer] 7:38:24 AM [vite] (client) [console.warn] Lit is in dev mode. Not recommended for production! See https://lit.dev/msg/dev-mode for more information.
  ✓   43 [chromium] › tests/visual/catalog.spec.ts:7:6 › date-field desktop-light (414ms)
[WebServer] 7:38:24 AM [vite] (client) [console.warn] Lit is in dev mode. Not recommended for production! See https://lit.dev/msg/dev-mode for more information.
  ✓   44 [chromium] › tests/visual/catalog.spec.ts:7:6 › date-field narrow-dark-rtl (490ms)
[WebServer] 7:38:25 AM [vite] (client) [console.warn] Lit is in dev mode. Not recommended for production! See https://lit.dev/msg/dev-mode for more information.
  ✓   45 [chromium] › tests/visual/catalog.spec.ts:7:6 › date-range desktop-light (519ms)
[WebServer] 7:38:25 AM [vite] (client) [console.warn] Lit is in dev mode. Not recommended for production! See https://lit.dev/msg/dev-mode for more information.
  ✓   46 [chromium] › tests/visual/catalog.spec.ts:7:6 › date-range narrow-dark-rtl (454ms)
[WebServer] 7:38:26 AM [vite] (client) [console.warn] Lit is in dev mode. Not recommended for production! See https://lit.dev/msg/dev-mode for more information.
  ✓   47 [chromium] › tests/visual/catalog.spec.ts:7:6 › slider desktop-light (480ms)
[WebServer] 7:38:26 AM [vite] (client) [console.warn] Lit is in dev mode. Not recommended for production! See https://lit.dev/msg/dev-mode for more information.
  ✓   48 [chromium] › tests/visual/catalog.spec.ts:7:6 › slider narrow-dark-rtl (466ms)
[WebServer] 7:38:27 AM [vite] (client) [console.warn] Lit is in dev mode. Not recommended for production! See https://lit.dev/msg/dev-mode for more information.
  ✓   49 [chromium] › tests/visual/catalog.spec.ts:7:6 › search-field desktop-light (400ms)
[WebServer] 7:38:27 AM [vite] (client) [console.warn] Lit is in dev mode. Not recommended for production! See https://lit.dev/msg/dev-mode for more information.
  ✓   50 [chromium] › tests/visual/catalog.spec.ts:7:6 › search-field narrow-dark-rtl (392ms)
[WebServer] 7:38:27 AM [vite] (client) [console.warn] Lit is in dev mode. Not recommended for production! See https://lit.dev/msg/dev-mode for more information.
  ✓   51 [chromium] › tests/visual/catalog.spec.ts:7:6 › file-input desktop-light (414ms)
[WebServer] 7:38:28 AM [vite] (client) [console.warn] Lit is in dev mode. Not recommended for production! See https://lit.dev/msg/dev-mode for more information.
  ✓   52 [chromium] › tests/visual/catalog.spec.ts:7:6 › file-input narrow-dark-rtl (428ms)
[WebServer] 7:38:28 AM [vite] (client) [console.warn] Lit is in dev mode. Not recommended for production! See https://lit.dev/msg/dev-mode for more information.
  ✓   53 [chromium] › tests/visual/catalog.spec.ts:7:6 › field-group desktop-light (414ms)
[WebServer] 7:38:29 AM [vite] (client) [console.warn] Lit is in dev mode. Not recommended for production! See https://lit.dev/msg/dev-mode for more information.
  ✓   54 [chromium] › tests/visual/catalog.spec.ts:7:6 › field-group narrow-dark-rtl (430ms)
[WebServer] 7:38:29 AM [vite] (client) [console.warn] Lit is in dev mode. Not recommended for production! See https://lit.dev/msg/dev-mode for more information.
  ✓   55 [chromium] › tests/visual/catalog.spec.ts:7:6 › form desktop-light (417ms)
[WebServer] 7:38:29 AM [vite] (client) [console.warn] Lit is in dev mode. Not recommended for production! See https://lit.dev/msg/dev-mode for more information.
  ✓   56 [chromium] › tests/visual/catalog.spec.ts:7:6 › form narrow-dark-rtl (408ms)
[WebServer] 7:38:30 AM [vite] (client) [console.warn] Lit is in dev mode. Not recommended for production! See https://lit.dev/msg/dev-mode for more information.
  ✓   57 [chromium] › tests/visual/catalog.spec.ts:7:6 › tabs desktop-light (412ms)
[WebServer] 7:38:30 AM [vite] (client) [console.warn] Lit is in dev mode. Not recommended for production! See https://lit.dev/msg/dev-mode for more information.
  ✓   58 [chromium] › tests/visual/catalog.spec.ts:7:6 › tabs narrow-dark-rtl (427ms)
[WebServer] 7:38:31 AM [vite] (client) [console.warn] Lit is in dev mode. Not recommended for production! See https://lit.dev/msg/dev-mode for more information.
  ✓   59 [chromium] › tests/visual/catalog.spec.ts:7:6 › breadcrumb desktop-light (394ms)
[WebServer] 7:38:31 AM [vite] (client) [console.warn] Lit is in dev mode. Not recommended for production! See https://lit.dev/msg/dev-mode for more information.
  ✓   60 [chromium] › tests/visual/catalog.spec.ts:7:6 › breadcrumb narrow-dark-rtl (391ms)
[WebServer] 7:38:31 AM [vite] (client) [console.warn] Lit is in dev mode. Not recommended for production! See https://lit.dev/msg/dev-mode for more information.
  ✓   61 [chromium] › tests/visual/catalog.spec.ts:7:6 › pagination desktop-light (397ms)
[WebServer] 7:38:32 AM [vite] (client) [console.warn] Lit is in dev mode. Not recommended for production! See https://lit.dev/msg/dev-mode for more information.
  ✓   62 [chromium] › tests/visual/catalog.spec.ts:7:6 › pagination narrow-dark-rtl (398ms)
[WebServer] 7:38:32 AM [vite] (client) [console.warn] Lit is in dev mode. Not recommended for production! See https://lit.dev/msg/dev-mode for more information.
  ✓   63 [chromium] › tests/visual/catalog.spec.ts:7:6 › menu desktop-light (402ms)
[WebServer] 7:38:33 AM [vite] (client) [console.warn] Lit is in dev mode. Not recommended for production! See https://lit.dev/msg/dev-mode for more information.
  ✓   64 [chromium] › tests/visual/catalog.spec.ts:7:6 › menu narrow-dark-rtl (466ms)
[WebServer] 7:38:33 AM [vite] (client) [console.warn] Lit is in dev mode. Not recommended for production! See https://lit.dev/msg/dev-mode for more information.
  ✓   65 [chromium] › tests/visual/catalog.spec.ts:7:6 › tree-nav desktop-light (432ms)
[WebServer] 7:38:34 AM [vite] (client) [console.warn] Lit is in dev mode. Not recommended for production! See https://lit.dev/msg/dev-mode for more information.
  ✓   66 [chromium] › tests/visual/catalog.spec.ts:7:6 › tree-nav narrow-dark-rtl (418ms)
[WebServer] 7:38:34 AM [vite] (client) [console.warn] Lit is in dev mode. Not recommended for production! See https://lit.dev/msg/dev-mode for more information.
  ✓   67 [chromium] › tests/visual/catalog.spec.ts:7:6 › tooltip desktop-light (418ms)
[WebServer] 7:38:34 AM [vite] (client) [console.warn] Lit is in dev mode. Not recommended for production! See https://lit.dev/msg/dev-mode for more information.
  ✓   68 [chromium] › tests/visual/catalog.spec.ts:7:6 › tooltip narrow-dark-rtl (430ms)
[WebServer] 7:38:35 AM [vite] (client) [console.warn] Lit is in dev mode. Not recommended for production! See https://lit.dev/msg/dev-mode for more information.
  ✓   69 [chromium] › tests/visual/catalog.spec.ts:7:6 › popover desktop-light (409ms)
[WebServer] 7:38:35 AM [vite] (client) [console.warn] Lit is in dev mode. Not recommended for production! See https://lit.dev/msg/dev-mode for more information.
  ✓   70 [chromium] › tests/visual/catalog.spec.ts:7:6 › popover narrow-dark-rtl (395ms)
[WebServer] 7:38:36 AM [vite] (client) [console.warn] Lit is in dev mode. Not recommended for production! See https://lit.dev/msg/dev-mode for more information.
  ✓   71 [chromium] › tests/visual/catalog.spec.ts:7:6 › dialog desktop-light (398ms)
[WebServer] 7:38:36 AM [vite] (client) [console.warn] Lit is in dev mode. Not recommended for production! See https://lit.dev/msg/dev-mode for more information.
  ✓   72 [chromium] › tests/visual/catalog.spec.ts:7:6 › dialog narrow-dark-rtl (393ms)
[WebServer] 7:38:36 AM [vite] (client) [console.warn] Lit is in dev mode. Not recommended for production! See https://lit.dev/msg/dev-mode for more information.
  ✓   73 [chromium] › tests/visual/catalog.spec.ts:7:6 › drawer desktop-light (398ms)
[WebServer] 7:38:37 AM [vite] (client) [console.warn] Lit is in dev mode. Not recommended for production! See https://lit.dev/msg/dev-mode for more information.
  ✓   74 [chromium] › tests/visual/catalog.spec.ts:7:6 › drawer narrow-dark-rtl (399ms)
[WebServer] 7:38:37 AM [vite] (client) [console.warn] Lit is in dev mode. Not recommended for production! See https://lit.dev/msg/dev-mode for more information.
  ✓   75 [chromium] › tests/visual/catalog.spec.ts:7:6 › toast desktop-light (416ms)
[WebServer] 7:38:38 AM [vite] (client) [console.warn] Lit is in dev mode. Not recommended for production! See https://lit.dev/msg/dev-mode for more information.
  ✓   76 [chromium] › tests/visual/catalog.spec.ts:7:6 › toast narrow-dark-rtl (409ms)
[WebServer] 7:38:38 AM [vite] (client) [console.warn] Lit is in dev mode. Not recommended for production! See https://lit.dev/msg/dev-mode for more information.
  ✓   77 [chromium] › tests/visual/catalog.spec.ts:7:6 › alert desktop-light (430ms)
[WebServer] 7:38:39 AM [vite] (client) [console.warn] Lit is in dev mode. Not recommended for production! See https://lit.dev/msg/dev-mode for more information.
  ✓   78 [chromium] › tests/visual/catalog.spec.ts:7:6 › alert narrow-dark-rtl (393ms)
[WebServer] 7:38:39 AM [vite] (client) [console.warn] Lit is in dev mode. Not recommended for production! See https://lit.dev/msg/dev-mode for more information.
  ✓   79 [chromium] › tests/visual/catalog.spec.ts:7:6 › progress desktop-light (396ms)
[WebServer] 7:38:39 AM [vite] (client) [console.warn] Lit is in dev mode. Not recommended for production! See https://lit.dev/msg/dev-mode for more information.
  ✓   80 [chromium] › tests/visual/catalog.spec.ts:7:6 › progress narrow-dark-rtl (395ms)
[WebServer] 7:38:40 AM [vite] (client) [console.warn] Lit is in dev mode. Not recommended for production! See https://lit.dev/msg/dev-mode for more information.
  ✓   81 [chromium] › tests/visual/catalog.spec.ts:7:6 › skeleton desktop-light (385ms)
[WebServer] 7:38:40 AM [vite] (client) [console.warn] Lit is in dev mode. Not recommended for production! See https://lit.dev/msg/dev-mode for more information.
  ✓   82 [chromium] › tests/visual/catalog.spec.ts:7:6 › skeleton narrow-dark-rtl (385ms)
[WebServer] 7:38:40 AM [vite] (client) [console.warn] Lit is in dev mode. Not recommended for production! See https://lit.dev/msg/dev-mode for more information.
  ✓   83 [chromium] › tests/visual/catalog.spec.ts:7:6 › empty-state desktop-light (403ms)
[WebServer] 7:38:41 AM [vite] (client) [console.warn] Lit is in dev mode. Not recommended for production! See https://lit.dev/msg/dev-mode for more information.
  ✓   84 [chromium] › tests/visual/catalog.spec.ts:7:6 › empty-state narrow-dark-rtl (430ms)
[WebServer] 7:38:41 AM [vite] (client) [console.warn] Lit is in dev mode. Not recommended for production! See https://lit.dev/msg/dev-mode for more information.
  ✓   85 [chromium] › tests/visual/catalog.spec.ts:7:6 › metric desktop-light (425ms)
[WebServer] 7:38:42 AM [vite] (client) [console.warn] Lit is in dev mode. Not recommended for production! See https://lit.dev/msg/dev-mode for more information.
  ✓   86 [chromium] › tests/visual/catalog.spec.ts:7:6 › metric narrow-dark-rtl (401ms)
[WebServer] 7:38:42 AM [vite] (client) [console.warn] Lit is in dev mode. Not recommended for production! See https://lit.dev/msg/dev-mode for more information.
  ✓   87 [chromium] › tests/visual/catalog.spec.ts:7:6 › delta desktop-light (404ms)
[WebServer] 7:38:43 AM [vite] (client) [console.warn] Lit is in dev mode. Not recommended for production! See https://lit.dev/msg/dev-mode for more information.
  ✓   88 [chromium] › tests/visual/catalog.spec.ts:7:6 › delta narrow-dark-rtl (396ms)
[WebServer] 7:38:43 AM [vite] (client) [console.warn] Lit is in dev mode. Not recommended for production! See https://lit.dev/msg/dev-mode for more information.
  ✓   89 [chromium] › tests/visual/catalog.spec.ts:7:6 › key-value desktop-light (401ms)
[WebServer] 7:38:43 AM [vite] (client) [console.warn] Lit is in dev mode. Not recommended for production! See https://lit.dev/msg/dev-mode for more information.
  ✓   90 [chromium] › tests/visual/catalog.spec.ts:7:6 › key-value narrow-dark-rtl (405ms)
[WebServer] 7:38:44 AM [vite] (client) [console.warn] Lit is in dev mode. Not recommended for production! See https://lit.dev/msg/dev-mode for more information.
  ✓   91 [chromium] › tests/visual/catalog.spec.ts:7:6 › detail desktop-light (415ms)
[WebServer] 7:38:44 AM [vite] (client) [console.warn] Lit is in dev mode. Not recommended for production! See https://lit.dev/msg/dev-mode for more information.
  ✓   92 [chromium] › tests/visual/catalog.spec.ts:7:6 › detail narrow-dark-rtl (461ms)
[WebServer] 7:38:45 AM [vite] (client) [console.warn] Lit is in dev mode. Not recommended for production! See https://lit.dev/msg/dev-mode for more information.
  ✓   93 [chromium] › tests/visual/catalog.spec.ts:7:6 › record-list desktop-light (453ms)
[WebServer] 7:38:45 AM [vite] (client) [console.warn] Lit is in dev mode. Not recommended for production! See https://lit.dev/msg/dev-mode for more information.
  ✓   94 [chromium] › tests/visual/catalog.spec.ts:7:6 › record-list narrow-dark-rtl (467ms)
[WebServer] 7:38:46 AM [vite] (client) [console.warn] Lit is in dev mode. Not recommended for production! See https://lit.dev/msg/dev-mode for more information.
  ✓   95 [chromium] › tests/visual/catalog.spec.ts:7:6 › card-collection desktop-light (448ms)
[WebServer] 7:38:46 AM [vite] (client) [console.warn] Lit is in dev mode. Not recommended for production! See https://lit.dev/msg/dev-mode for more information.
  ✓   96 [chromium] › tests/visual/catalog.spec.ts:7:6 › card-collection narrow-dark-rtl (479ms)
[WebServer] 7:38:47 AM [vite] (client) [console.warn] Lit is in dev mode. Not recommended for production! See https://lit.dev/msg/dev-mode for more information.
  ✓   97 [chromium] › tests/visual/catalog.spec.ts:7:6 › table desktop-light (447ms)
[WebServer] 7:38:47 AM [vite] (client) [console.warn] Lit is in dev mode. Not recommended for production! See https://lit.dev/msg/dev-mode for more information.
  ✓   98 [chromium] › tests/visual/catalog.spec.ts:7:6 › table narrow-dark-rtl (491ms)
[WebServer] 7:38:47 AM [vite] (client) [console.warn] Lit is in dev mode. Not recommended for production! See https://lit.dev/msg/dev-mode for more information.
  ✓   99 [chromium] › tests/visual/catalog.spec.ts:7:6 › filter-builder desktop-light (416ms)
[WebServer] 7:38:48 AM [vite] (client) [console.warn] Lit is in dev mode. Not recommended for production! See https://lit.dev/msg/dev-mode for more information.
  ✓  100 [chromium] › tests/visual/catalog.spec.ts:7:6 › filter-builder narrow-dark-rtl (411ms)
[WebServer] 7:38:48 AM [vite] (client) [console.warn] Lit is in dev mode. Not recommended for production! See https://lit.dev/msg/dev-mode for more information.
  ✓  101 [chromium] › tests/visual/catalog.spec.ts:7:6 › selection-summary desktop-light (419ms)
[WebServer] 7:38:49 AM [vite] (client) [console.warn] Lit is in dev mode. Not recommended for production! See https://lit.dev/msg/dev-mode for more information.
  ✓  102 [chromium] › tests/visual/catalog.spec.ts:7:6 › selection-summary narrow-dark-rtl (394ms)
[WebServer] 7:38:49 AM [vite] (client) [console.warn] Lit is in dev mode. Not recommended for production! See https://lit.dev/msg/dev-mode for more information.
  ✓  103 [chromium] › tests/visual/catalog.spec.ts:7:6 › trend desktop-light (470ms)
[WebServer] 7:38:50 AM [vite] (client) [console.warn] Lit is in dev mode. Not recommended for production! See https://lit.dev/msg/dev-mode for more information.
  ✓  104 [chromium] › tests/visual/catalog.spec.ts:7:6 › trend narrow-dark-rtl (513ms)
[WebServer] 7:38:50 AM [vite] (client) [console.warn] Lit is in dev mode. Not recommended for production! See https://lit.dev/msg/dev-mode for more information.
  ✓  105 [chromium] › tests/visual/catalog.spec.ts:7:6 › bar desktop-light (483ms)
[WebServer] 7:38:51 AM [vite] (client) [console.warn] Lit is in dev mode. Not recommended for production! See https://lit.dev/msg/dev-mode for more information.
  ✓  106 [chromium] › tests/visual/catalog.spec.ts:7:6 › bar narrow-dark-rtl (498ms)
[WebServer] 7:38:51 AM [vite] (client) [console.warn] Lit is in dev mode. Not recommended for production! See https://lit.dev/msg/dev-mode for more information.
  ✓  107 [chromium] › tests/visual/catalog.spec.ts:7:6 › area desktop-light (454ms)
[WebServer] 7:38:52 AM [vite] (client) [console.warn] Lit is in dev mode. Not recommended for production! See https://lit.dev/msg/dev-mode for more information.
  ✓  108 [chromium] › tests/visual/catalog.spec.ts:7:6 › area narrow-dark-rtl (481ms)
[WebServer] 7:38:52 AM [vite] (client) [console.warn] Lit is in dev mode. Not recommended for production! See https://lit.dev/msg/dev-mode for more information.
  ✓  109 [chromium] › tests/visual/catalog.spec.ts:7:6 › scatter desktop-light (483ms)
[WebServer] 7:38:53 AM [vite] (client) [console.warn] Lit is in dev mode. Not recommended for production! See https://lit.dev/msg/dev-mode for more information.
  ✓  110 [chromium] › tests/visual/catalog.spec.ts:7:6 › scatter narrow-dark-rtl (501ms)
[WebServer] 7:38:53 AM [vite] (client) [console.warn] Lit is in dev mode. Not recommended for production! See https://lit.dev/msg/dev-mode for more information.
  ✓  111 [chromium] › tests/visual/catalog.spec.ts:7:6 › histogram desktop-light (469ms)
[WebServer] 7:38:54 AM [vite] (client) [console.warn] Lit is in dev mode. Not recommended for production! See https://lit.dev/msg/dev-mode for more information.
  ✓  112 [chromium] › tests/visual/catalog.spec.ts:7:6 › histogram narrow-dark-rtl (484ms)
[WebServer] 7:38:54 AM [vite] (client) [console.warn] Lit is in dev mode. Not recommended for production! See https://lit.dev/msg/dev-mode for more information.
  ✓  113 [chromium] › tests/visual/catalog.spec.ts:7:6 › heatmap desktop-light (486ms)
[WebServer] 7:38:55 AM [vite] (client) [console.warn] Lit is in dev mode. Not recommended for production! See https://lit.dev/msg/dev-mode for more information.
  ✓  114 [chromium] › tests/visual/catalog.spec.ts:7:6 › heatmap narrow-dark-rtl (484ms)
[WebServer] 7:38:55 AM [vite] (client) [console.warn] Lit is in dev mode. Not recommended for production! See https://lit.dev/msg/dev-mode for more information.
  ✓  115 [chromium] › tests/visual/catalog.spec.ts:7:6 › matrix desktop-light (435ms)
[WebServer] 7:38:55 AM [vite] (client) [console.warn] Lit is in dev mode. Not recommended for production! See https://lit.dev/msg/dev-mode for more information.
  ✓  116 [chromium] › tests/visual/catalog.spec.ts:7:6 › matrix narrow-dark-rtl (537ms)
[WebServer] 7:38:56 AM [vite] (client) [console.warn] Lit is in dev mode. Not recommended for production! See https://lit.dev/msg/dev-mode for more information.
  ✓  117 [chromium] › tests/visual/catalog.spec.ts:7:6 › relationship desktop-light (511ms)
[WebServer] 7:38:57 AM [vite] (client) [console.warn] Lit is in dev mode. Not recommended for production! See https://lit.dev/msg/dev-mode for more information.
  ✓  118 [chromium] › tests/visual/catalog.spec.ts:7:6 › relationship narrow-dark-rtl (538ms)
[WebServer] 7:38:57 AM [vite] (client) [console.warn] Lit is in dev mode. Not recommended for production! See https://lit.dev/msg/dev-mode for more information.
  ✓  119 [chromium] › tests/visual/catalog.spec.ts:7:6 › tree desktop-light (592ms)
[WebServer] 7:38:58 AM [vite] (client) [console.warn] Lit is in dev mode. Not recommended for production! See https://lit.dev/msg/dev-mode for more information.
  ✓  120 [chromium] › tests/visual/catalog.spec.ts:7:6 › tree narrow-dark-rtl (553ms)
[WebServer] 7:38:58 AM [vite] (client) [console.warn] Lit is in dev mode. Not recommended for production! See https://lit.dev/msg/dev-mode for more information.
  ✓  121 [chromium] › tests/visual/catalog.spec.ts:7:6 › treemap desktop-light (503ms)
[WebServer] 7:38:59 AM [vite] (client) [console.warn] Lit is in dev mode. Not recommended for production! See https://lit.dev/msg/dev-mode for more information.
  ✓  122 [chromium] › tests/visual/catalog.spec.ts:7:6 › treemap narrow-dark-rtl (519ms)
[WebServer] 7:38:59 AM [vite] (client) [console.warn] Lit is in dev mode. Not recommended for production! See https://lit.dev/msg/dev-mode for more information.
  ✓  123 [chromium] › tests/visual/catalog.spec.ts:7:6 › timeline desktop-light (543ms)
[WebServer] 7:39:00 AM [vite] (client) [console.warn] Lit is in dev mode. Not recommended for production! See https://lit.dev/msg/dev-mode for more information.
  ✓  124 [chromium] › tests/visual/catalog.spec.ts:7:6 › timeline narrow-dark-rtl (551ms)
[WebServer] 7:39:00 AM [vite] (client) [console.warn] Lit is in dev mode. Not recommended for production! See https://lit.dev/msg/dev-mode for more information.
  ✓  125 [chromium] › tests/visual/catalog.spec.ts:7:6 › calendar-grid desktop-light (478ms)
[WebServer] 7:39:01 AM [vite] (client) [console.warn] Lit is in dev mode. Not recommended for production! See https://lit.dev/msg/dev-mode for more information.
  ✓  126 [chromium] › tests/visual/catalog.spec.ts:7:6 › calendar-grid narrow-dark-rtl (505ms)
[WebServer] 7:39:01 AM [vite] (client) [console.warn] Lit is in dev mode. Not recommended for production! See https://lit.dev/msg/dev-mode for more information.
  ✓  127 [chromium] › tests/visual/catalog.spec.ts:7:6 › explorer desktop-light (507ms)
[WebServer] 7:39:02 AM [vite] (client) [console.warn] Lit is in dev mode. Not recommended for production! See https://lit.dev/msg/dev-mode for more information.
  ✓  128 [chromium] › tests/visual/catalog.spec.ts:7:6 › explorer narrow-dark-rtl (533ms)
[WebServer] 7:39:02 AM [vite] (client) [console.warn] Lit is in dev mode. Not recommended for production! See https://lit.dev/msg/dev-mode for more information.
  ✓  129 [chromium] › tests/visual/catalog.spec.ts:7:6 › comparison desktop-light (435ms)
[WebServer] 7:39:03 AM [vite] (client) [console.warn] Lit is in dev mode. Not recommended for production! See https://lit.dev/msg/dev-mode for more information.
  ✓  130 [chromium] › tests/visual/catalog.spec.ts:7:6 › comparison narrow-dark-rtl (436ms)
[WebServer] 7:39:03 AM [vite] (client) [console.warn] Lit is in dev mode. Not recommended for production! See https://lit.dev/msg/dev-mode for more information.
  ✓  131 [chromium] › tests/visual/catalog.spec.ts:7:6 › breakdown desktop-light (451ms)
[WebServer] 7:39:04 AM [vite] (client) [console.warn] Lit is in dev mode. Not recommended for production! See https://lit.dev/msg/dev-mode for more information.
  ✓  132 [chromium] › tests/visual/catalog.spec.ts:7:6 › breakdown narrow-dark-rtl (432ms)
[WebServer] 7:39:04 AM [vite] (client) [console.warn] Lit is in dev mode. Not recommended for production! See https://lit.dev/msg/dev-mode for more information.
  ✓  133 [chromium] › tests/visual/catalog.spec.ts:7:6 › investigation desktop-light (536ms)
[WebServer] 7:39:05 AM [vite] (client) [console.warn] Lit is in dev mode. Not recommended for production! See https://lit.dev/msg/dev-mode for more information.
  ✓  134 [chromium] › tests/visual/catalog.spec.ts:7:6 › investigation narrow-dark-rtl (543ms)
[WebServer] 7:39:05 AM [vite] (client) [console.warn] Lit is in dev mode. Not recommended for production! See https://lit.dev/msg/dev-mode for more information.
  ✓  135 [chromium] › tests/visual/catalog.spec.ts:7:6 › search-results desktop-light (397ms)
[WebServer] 7:39:06 AM [vite] (client) [console.warn] Lit is in dev mode. Not recommended for production! See https://lit.dev/msg/dev-mode for more information.
  ✓  136 [chromium] › tests/visual/catalog.spec.ts:7:6 › search-results narrow-dark-rtl (393ms)
[WebServer] 7:39:06 AM [vite] (client) [console.warn] Lit is in dev mode. Not recommended for production! See https://lit.dev/msg/dev-mode for more information.
  ✓  137 [chromium] › tests/visual/catalog.spec.ts:7:6 › record-editor desktop-light (432ms)
[WebServer] 7:39:06 AM [vite] (client) [console.warn] Lit is in dev mode. Not recommended for production! See https://lit.dev/msg/dev-mode for more information.
  ✓  138 [chromium] › tests/visual/catalog.spec.ts:7:6 › record-editor narrow-dark-rtl (454ms)
[WebServer] 7:39:07 AM [vite] (client) [console.warn] Lit is in dev mode. Not recommended for production! See https://lit.dev/msg/dev-mode for more information.
  ✓  139 [chromium] › tests/visual/catalog.spec.ts:7:6 › form-flow desktop-light (505ms)
[WebServer] 7:39:07 AM [vite] (client) [console.warn] Lit is in dev mode. Not recommended for production! See https://lit.dev/msg/dev-mode for more information.
  ✓  140 [chromium] › tests/visual/catalog.spec.ts:7:6 › form-flow narrow-dark-rtl (433ms)
[WebServer] 7:39:08 AM [vite] (client) [console.warn] Lit is in dev mode. Not recommended for production! See https://lit.dev/msg/dev-mode for more information.
  ✓  141 [chromium] › tests/visual/catalog.spec.ts:7:6 › quality-panel desktop-light (418ms)
[WebServer] 7:39:08 AM [vite] (client) [console.warn] Lit is in dev mode. Not recommended for production! See https://lit.dev/msg/dev-mode for more information.
  ✓  142 [chromium] › tests/visual/catalog.spec.ts:7:6 › quality-panel narrow-dark-rtl (462ms)
[WebServer] 7:39:09 AM [vite] (client) [console.warn] Lit is in dev mode. Not recommended for production! See https://lit.dev/msg/dev-mode for more information.
  ✓  143 [chromium] › tests/visual/data-states.spec.ts:130:7 › metric renders its supported alternate data states (1.2s)
[WebServer] 7:39:10 AM [vite] (client) [console.warn] Lit is in dev mode. Not recommended for production! See https://lit.dev/msg/dev-mode for more information.
  ✓  144 [chromium] › tests/visual/data-states.spec.ts:130:7 › delta renders its supported alternate data states (1.2s)
[WebServer] 7:39:11 AM [vite] (client) [console.warn] Lit is in dev mode. Not recommended for production! See https://lit.dev/msg/dev-mode for more information.
  ✓  145 [chromium] › tests/visual/data-states.spec.ts:130:7 › key-value renders its supported alternate data states (1.2s)
[WebServer] 7:39:12 AM [vite] (client) [console.warn] Lit is in dev mode. Not recommended for production! See https://lit.dev/msg/dev-mode for more information.
  ✓  146 [chromium] › tests/visual/data-states.spec.ts:130:7 › detail renders its supported alternate data states (1.2s)
[WebServer] 7:39:14 AM [vite] (client) [console.warn] Lit is in dev mode. Not recommended for production! See https://lit.dev/msg/dev-mode for more information.
  ✓  147 [chromium] › tests/visual/data-states.spec.ts:130:7 › record-list renders its supported alternate data states (1.3s)
[WebServer] 7:39:15 AM [vite] (client) [console.warn] Lit is in dev mode. Not recommended for production! See https://lit.dev/msg/dev-mode for more information.
  ✓  148 [chromium] › tests/visual/data-states.spec.ts:130:7 › card-collection renders its supported alternate data states (1.5s)
[WebServer] 7:39:16 AM [vite] (client) [console.warn] Lit is in dev mode. Not recommended for production! See https://lit.dev/msg/dev-mode for more information.
  ✓  149 [chromium] › tests/visual/data-states.spec.ts:130:7 › table renders its supported alternate data states (1.5s)
[WebServer] 7:39:18 AM [vite] (client) [console.warn] Lit is in dev mode. Not recommended for production! See https://lit.dev/msg/dev-mode for more information.
  ✓  150 [chromium] › tests/visual/data-states.spec.ts:130:7 › filter-builder renders its supported alternate data states (1.1s)
[WebServer] 7:39:19 AM [vite] (client) [console.warn] Lit is in dev mode. Not recommended for production! See https://lit.dev/msg/dev-mode for more information.
  ✓  151 [chromium] › tests/visual/data-states.spec.ts:130:7 › selection-summary renders its supported alternate data states (1.0s)
[WebServer] 7:39:20 AM [vite] (client) [console.warn] Lit is in dev mode. Not recommended for production! See https://lit.dev/msg/dev-mode for more information.
  ✓  152 [chromium] › tests/visual/data-states.spec.ts:247:7 › explorer renders its supported alternate compound states (1.8s)
[WebServer] 7:39:22 AM [vite] (client) [console.warn] Lit is in dev mode. Not recommended for production! See https://lit.dev/msg/dev-mode for more information.
  ✓  153 [chromium] › tests/visual/data-states.spec.ts:247:7 › comparison renders its supported alternate compound states (1.5s)
[WebServer] 7:39:23 AM [vite] (client) [console.warn] Lit is in dev mode. Not recommended for production! See https://lit.dev/msg/dev-mode for more information.
  ✓  154 [chromium] › tests/visual/data-states.spec.ts:247:7 › breakdown renders its supported alternate compound states (1.4s)
[WebServer] 7:39:25 AM [vite] (client) [console.warn] Lit is in dev mode. Not recommended for production! See https://lit.dev/msg/dev-mode for more information.
  ✓  155 [chromium] › tests/visual/data-states.spec.ts:247:7 › investigation renders its supported alternate compound states (1.8s)
[WebServer] 7:39:26 AM [vite] (client) [console.warn] Lit is in dev mode. Not recommended for production! See https://lit.dev/msg/dev-mode for more information.
  ✓  156 [chromium] › tests/visual/data-states.spec.ts:247:7 › search-results renders its supported alternate compound states (1.6s)
[WebServer] 7:39:28 AM [vite] (client) [console.warn] Lit is in dev mode. Not recommended for production! See https://lit.dev/msg/dev-mode for more information.
  ✓  157 [chromium] › tests/visual/data-states.spec.ts:247:7 › record-editor renders its supported alternate compound states (1.8s)
[WebServer] 7:39:30 AM [vite] (client) [console.warn] Lit is in dev mode. Not recommended for production! See https://lit.dev/msg/dev-mode for more information.
  ✓  158 [chromium] › tests/visual/data-states.spec.ts:247:7 › form-flow renders its supported alternate compound states (1.6s)
[WebServer] 7:39:31 AM [vite] (client) [console.warn] Lit is in dev mode. Not recommended for production! See https://lit.dev/msg/dev-mode for more information.
  ✓  159 [chromium] › tests/visual/data-states.spec.ts:247:7 › quality-panel renders its supported alternate compound states (1.3s)
[WebServer] 7:39:33 AM [vite] (client) [console.warn] Lit is in dev mode. Not recommended for production! See https://lit.dev/msg/dev-mode for more information.
  ✓  160 [chromium] › tests/visual/data-states.spec.ts:315:7 › trend renders its supported alternate visualization states (770ms)
[WebServer] 7:39:33 AM [vite] (client) [console.warn] Lit is in dev mode. Not recommended for production! See https://lit.dev/msg/dev-mode for more information.
  ✓  161 [chromium] › tests/visual/data-states.spec.ts:315:7 › bar renders its supported alternate visualization states (770ms)
[WebServer] 7:39:34 AM [vite] (client) [console.warn] Lit is in dev mode. Not recommended for production! See https://lit.dev/msg/dev-mode for more information.
  ✓  162 [chromium] › tests/visual/data-states.spec.ts:315:7 › area renders its supported alternate visualization states (760ms)
[WebServer] 7:39:35 AM [vite] (client) [console.warn] Lit is in dev mode. Not recommended for production! See https://lit.dev/msg/dev-mode for more information.
  ✓  163 [chromium] › tests/visual/data-states.spec.ts:315:7 › scatter renders its supported alternate visualization states (778ms)
[WebServer] 7:39:36 AM [vite] (client) [console.warn] Lit is in dev mode. Not recommended for production! See https://lit.dev/msg/dev-mode for more information.
  ✓  164 [chromium] › tests/visual/data-states.spec.ts:315:7 › histogram renders its supported alternate visualization states (776ms)
[WebServer] 7:39:37 AM [vite] (client) [console.warn] Lit is in dev mode. Not recommended for production! See https://lit.dev/msg/dev-mode for more information.
  ✓  165 [chromium] › tests/visual/data-states.spec.ts:315:7 › heatmap renders its supported alternate visualization states (772ms)
[WebServer] 7:39:37 AM [vite] (client) [console.warn] Lit is in dev mode. Not recommended for production! See https://lit.dev/msg/dev-mode for more information.
  ✓  166 [chromium] › tests/visual/data-states.spec.ts:315:7 › matrix renders its supported alternate visualization states (732ms)
[WebServer] 7:39:38 AM [vite] (client) [console.warn] Lit is in dev mode. Not recommended for production! See https://lit.dev/msg/dev-mode for more information.
  ✓  167 [chromium] › tests/visual/data-states.spec.ts:315:7 › timeline renders its supported alternate visualization states (775ms)
[WebServer] 7:39:39 AM [vite] (client) [console.warn] Lit is in dev mode. Not recommended for production! See https://lit.dev/msg/dev-mode for more information.
  ✓  168 [chromium] › tests/visual/data-states.spec.ts:315:7 › calendar-grid renders its supported alternate visualization states (787ms)
[WebServer] 7:39:40 AM [vite] (client) [console.warn] Lit is in dev mode. Not recommended for production! See https://lit.dev/msg/dev-mode for more information.
  ✓  169 [chromium] › tests/visual/data-states.spec.ts:315:7 › tree renders its supported alternate visualization states (970ms)
[WebServer] 7:39:41 AM [vite] (client) [console.warn] Lit is in dev mode. Not recommended for production! See https://lit.dev/msg/dev-mode for more information.
  ✓  170 [chromium] › tests/visual/data-states.spec.ts:315:7 › treemap renders its supported alternate visualization states (935ms)
[WebServer] 7:39:41 AM [vite] (client) [console.warn] Lit is in dev mode. Not recommended for production! See https://lit.dev/msg/dev-mode for more information.
  ✓  171 [chromium] › tests/visual/data-states.spec.ts:315:7 › relationship renders its supported alternate visualization states (926ms)
  ✓  172 [chromium] › tests/visual/data-states.spec.ts:336:7 › unsupported state coverage is explicit › records the public state gaps in the test report (0ms)
[WebServer] 7:39:42 AM [vite] (client) [console.warn] Lit is in dev mode. Not recommended for production! See https://lit.dev/msg/dev-mode for more information.
  ✓  173 [chromium] › tests/visual/field-states.spec.ts:10:7 › text-field disabled desktop-light (419ms)
[WebServer] 7:39:43 AM [vite] (client) [console.warn] Lit is in dev mode. Not recommended for production! See https://lit.dev/msg/dev-mode for more information.
  ✓  174 [chromium] › tests/visual/field-states.spec.ts:10:7 › text-field disabled narrow-dark-rtl (414ms)
[WebServer] 7:39:43 AM [vite] (client) [console.warn] Lit is in dev mode. Not recommended for production! See https://lit.dev/msg/dev-mode for more information.
  ✓  175 [chromium] › tests/visual/field-states.spec.ts:10:7 › text-field invalid desktop-light (415ms)
[WebServer] 7:39:44 AM [vite] (client) [console.warn] Lit is in dev mode. Not recommended for production! See https://lit.dev/msg/dev-mode for more information.
  ✓  176 [chromium] › tests/visual/field-states.spec.ts:10:7 › text-field invalid narrow-dark-rtl (431ms)
[WebServer] 7:39:44 AM [vite] (client) [console.warn] Lit is in dev mode. Not recommended for production! See https://lit.dev/msg/dev-mode for more information.
  ✓  177 [chromium] › tests/visual/field-states.spec.ts:10:7 › text-field pending desktop-light (417ms)
[WebServer] 7:39:45 AM [vite] (client) [console.warn] Lit is in dev mode. Not recommended for production! See https://lit.dev/msg/dev-mode for more information.
  ✓  178 [chromium] › tests/visual/field-states.spec.ts:10:7 › text-field pending narrow-dark-rtl (408ms)
[WebServer] 7:39:45 AM [vite] (client) [console.warn] Lit is in dev mode. Not recommended for production! See https://lit.dev/msg/dev-mode for more information.
  ✓  179 [chromium] › tests/visual/field-states.spec.ts:10:7 › text-field read-only desktop-light (434ms)
[WebServer] 7:39:45 AM [vite] (client) [console.warn] Lit is in dev mode. Not recommended for production! See https://lit.dev/msg/dev-mode for more information.
  ✓  180 [chromium] › tests/visual/field-states.spec.ts:10:7 › text-field read-only narrow-dark-rtl (421ms)
[WebServer] 7:39:46 AM [vite] (client) [console.warn] Lit is in dev mode. Not recommended for production! See https://lit.dev/msg/dev-mode for more information.
  ✓  181 [chromium] › tests/visual/field-states.spec.ts:10:7 › text-area disabled desktop-light (416ms)
[WebServer] 7:39:46 AM [vite] (client) [console.warn] Lit is in dev mode. Not recommended for production! See https://lit.dev/msg/dev-mode for more information.
  ✓  182 [chromium] › tests/visual/field-states.spec.ts:10:7 › text-area disabled narrow-dark-rtl (430ms)
[WebServer] 7:39:47 AM [vite] (client) [console.warn] Lit is in dev mode. Not recommended for production! See https://lit.dev/msg/dev-mode for more information.
  ✓  183 [chromium] › tests/visual/field-states.spec.ts:10:7 › text-area invalid desktop-light (414ms)
[WebServer] 7:39:47 AM [vite] (client) [console.warn] Lit is in dev mode. Not recommended for production! See https://lit.dev/msg/dev-mode for more information.
  ✓  184 [chromium] › tests/visual/field-states.spec.ts:10:7 › text-area invalid narrow-dark-rtl (412ms)
[WebServer] 7:39:48 AM [vite] (client) [console.warn] Lit is in dev mode. Not recommended for production! See https://lit.dev/msg/dev-mode for more information.
  ✓  185 [chromium] › tests/visual/field-states.spec.ts:10:7 › text-area pending desktop-light (435ms)
[WebServer] 7:39:48 AM [vite] (client) [console.warn] Lit is in dev mode. Not recommended for production! See https://lit.dev/msg/dev-mode for more information.
  ✓  186 [chromium] › tests/visual/field-states.spec.ts:10:7 › text-area pending narrow-dark-rtl (426ms)
[WebServer] 7:39:48 AM [vite] (client) [console.warn] Lit is in dev mode. Not recommended for production! See https://lit.dev/msg/dev-mode for more information.
  ✓  187 [chromium] › tests/visual/field-states.spec.ts:10:7 › text-area read-only desktop-light (417ms)
[WebServer] 7:39:49 AM [vite] (client) [console.warn] Lit is in dev mode. Not recommended for production! See https://lit.dev/msg/dev-mode for more information.
  ✓  188 [chromium] › tests/visual/field-states.spec.ts:10:7 › text-area read-only narrow-dark-rtl (409ms)
[WebServer] 7:39:49 AM [vite] (client) [console.warn] Lit is in dev mode. Not recommended for production! See https://lit.dev/msg/dev-mode for more information.
  ✓  189 [chromium] › tests/visual/field-states.spec.ts:10:7 › number-field disabled desktop-light (435ms)
[WebServer] 7:39:50 AM [vite] (client) [console.warn] Lit is in dev mode. Not recommended for production! See https://lit.dev/msg/dev-mode for more information.
  ✓  190 [chromium] › tests/visual/field-states.spec.ts:10:7 › number-field disabled narrow-dark-rtl (425ms)
[WebServer] 7:39:50 AM [vite] (client) [console.warn] Lit is in dev mode. Not recommended for production! See https://lit.dev/msg/dev-mode for more information.
  ✓  191 [chromium] › tests/visual/field-states.spec.ts:10:7 › number-field invalid desktop-light (432ms)
[WebServer] 7:39:50 AM [vite] (client) [console.warn] Lit is in dev mode. Not recommended for production! See https://lit.dev/msg/dev-mode for more information.
  ✓  192 [chromium] › tests/visual/field-states.spec.ts:10:7 › number-field invalid narrow-dark-rtl (444ms)
[WebServer] 7:39:51 AM [vite] (client) [console.warn] Lit is in dev mode. Not recommended for production! See https://lit.dev/msg/dev-mode for more information.
  ✓  193 [chromium] › tests/visual/field-states.spec.ts:10:7 › number-field pending desktop-light (418ms)
[WebServer] 7:39:51 AM [vite] (client) [console.warn] Lit is in dev mode. Not recommended for production! See https://lit.dev/msg/dev-mode for more information.
  ✓  194 [chromium] › tests/visual/field-states.spec.ts:10:7 › number-field pending narrow-dark-rtl (408ms)
[WebServer] 7:39:52 AM [vite] (client) [console.warn] Lit is in dev mode. Not recommended for production! See https://lit.dev/msg/dev-mode for more information.
  ✓  195 [chromium] › tests/visual/field-states.spec.ts:10:7 › number-field read-only desktop-light (434ms)
[WebServer] 7:39:52 AM [vite] (client) [console.warn] Lit is in dev mode. Not recommended for production! See https://lit.dev/msg/dev-mode for more information.
  ✓  196 [chromium] › tests/visual/field-states.spec.ts:10:7 › number-field read-only narrow-dark-rtl (447ms)
[WebServer] 7:39:53 AM [vite] (client) [console.warn] Lit is in dev mode. Not recommended for production! See https://lit.dev/msg/dev-mode for more information.
  ✓  197 [chromium] › tests/visual/field-states.spec.ts:10:7 › checkbox disabled desktop-light (433ms)
[WebServer] 7:39:53 AM [vite] (client) [console.warn] Lit is in dev mode. Not recommended for production! See https://lit.dev/msg/dev-mode for more information.
  ✓  198 [chromium] › tests/visual/field-states.spec.ts:10:7 › checkbox disabled narrow-dark-rtl (408ms)
[WebServer] 7:39:54 AM [vite] (client) [console.warn] Lit is in dev mode. Not recommended for production! See https://lit.dev/msg/dev-mode for more information.
  ✓  199 [chromium] › tests/visual/field-states.spec.ts:10:7 › checkbox invalid desktop-light (414ms)
[WebServer] 7:39:54 AM [vite] (client) [console.warn] Lit is in dev mode. Not recommended for production! See https://lit.dev/msg/dev-mode for more information.
  ✓  200 [chromium] › tests/visual/field-states.spec.ts:10:7 › checkbox invalid narrow-dark-rtl (469ms)
[WebServer] 7:39:54 AM [vite] (client) [console.warn] Lit is in dev mode. Not recommended for production! See https://lit.dev/msg/dev-mode for more information.
  ✓  201 [chromium] › tests/visual/field-states.spec.ts:10:7 › checkbox pending desktop-light (462ms)
[WebServer] 7:39:55 AM [vite] (client) [console.warn] Lit is in dev mode. Not recommended for production! See https://lit.dev/msg/dev-mode for more information.
  ✓  202 [chromium] › tests/visual/field-states.spec.ts:10:7 › checkbox pending narrow-dark-rtl (412ms)
[WebServer] 7:39:55 AM [vite] (client) [console.warn] Lit is in dev mode. Not recommended for production! See https://lit.dev/msg/dev-mode for more information.
  ✓  203 [chromium] › tests/visual/field-states.spec.ts:10:7 › radio-group disabled desktop-light (432ms)
[WebServer] 7:39:56 AM [vite] (client) [console.warn] Lit is in dev mode. Not recommended for production! See https://lit.dev/msg/dev-mode for more information.
  ✓  204 [chromium] › tests/visual/field-states.spec.ts:10:7 › radio-group disabled narrow-dark-rtl (432ms)
[WebServer] 7:39:56 AM [vite] (client) [console.warn] Lit is in dev mode. Not recommended for production! See https://lit.dev/msg/dev-mode for more information.
  ✓  205 [chromium] › tests/visual/field-states.spec.ts:10:7 › radio-group invalid desktop-light (434ms)
[WebServer] 7:39:57 AM [vite] (client) [console.warn] Lit is in dev mode. Not recommended for production! See https://lit.dev/msg/dev-mode for more information.
  ✓  206 [chromium] › tests/visual/field-states.spec.ts:10:7 › radio-group invalid narrow-dark-rtl (430ms)
[WebServer] 7:39:57 AM [vite] (client) [console.warn] Lit is in dev mode. Not recommended for production! See https://lit.dev/msg/dev-mode for more information.
  ✓  207 [chromium] › tests/visual/field-states.spec.ts:10:7 › radio-group pending desktop-light (432ms)
[WebServer] 7:39:57 AM [vite] (client) [console.warn] Lit is in dev mode. Not recommended for production! See https://lit.dev/msg/dev-mode for more information.
  ✓  208 [chromium] › tests/visual/field-states.spec.ts:10:7 › radio-group pending narrow-dark-rtl (431ms)
[WebServer] 7:39:58 AM [vite] (client) [console.warn] Lit is in dev mode. Not recommended for production! See https://lit.dev/msg/dev-mode for more information.
  ✓  209 [chromium] › tests/visual/field-states.spec.ts:10:7 › switch disabled desktop-light (412ms)
[WebServer] 7:39:58 AM [vite] (client) [console.warn] Lit is in dev mode. Not recommended for production! See https://lit.dev/msg/dev-mode for more information.
  ✓  210 [chromium] › tests/visual/field-states.spec.ts:10:7 › switch disabled narrow-dark-rtl (413ms)
[WebServer] 7:39:59 AM [vite] (client) [console.warn] Lit is in dev mode. Not recommended for production! See https://lit.dev/msg/dev-mode for more information.
  ✓  211 [chromium] › tests/visual/field-states.spec.ts:10:7 › switch invalid desktop-light (434ms)
[WebServer] 7:39:59 AM [vite] (client) [console.warn] Lit is in dev mode. Not recommended for production! See https://lit.dev/msg/dev-mode for more information.
  ✓  212 [chromium] › tests/visual/field-states.spec.ts:10:7 › switch invalid narrow-dark-rtl (413ms)
[WebServer] 7:40:00 AM [vite] (client) [console.warn] Lit is in dev mode. Not recommended for production! See https://lit.dev/msg/dev-mode for more information.
  ✓  213 [chromium] › tests/visual/field-states.spec.ts:10:7 › switch pending desktop-light (430ms)
[WebServer] 7:40:00 AM [vite] (client) [console.warn] Lit is in dev mode. Not recommended for production! See https://lit.dev/msg/dev-mode for more information.
  ✓  214 [chromium] › tests/visual/field-states.spec.ts:10:7 › switch pending narrow-dark-rtl (408ms)
[WebServer] 7:40:00 AM [vite] (client) [console.warn] Lit is in dev mode. Not recommended for production! See https://lit.dev/msg/dev-mode for more information.
  ✓  215 [chromium] › tests/visual/field-states.spec.ts:10:7 › select disabled desktop-light (411ms)
[WebServer] 7:40:01 AM [vite] (client) [console.warn] Lit is in dev mode. Not recommended for production! See https://lit.dev/msg/dev-mode for more information.
  ✓  216 [chromium] › tests/visual/field-states.spec.ts:10:7 › select disabled narrow-dark-rtl (431ms)
[WebServer] 7:40:01 AM [vite] (client) [console.warn] Lit is in dev mode. Not recommended for production! See https://lit.dev/msg/dev-mode for more information.
  ✓  217 [chromium] › tests/visual/field-states.spec.ts:10:7 › select invalid desktop-light (417ms)
[WebServer] 7:40:02 AM [vite] (client) [console.warn] Lit is in dev mode. Not recommended for production! See https://lit.dev/msg/dev-mode for more information.
  ✓  218 [chromium] › tests/visual/field-states.spec.ts:10:7 › select invalid narrow-dark-rtl (418ms)
[WebServer] 7:40:02 AM [vite] (client) [console.warn] Lit is in dev mode. Not recommended for production! See https://lit.dev/msg/dev-mode for more information.
  ✓  219 [chromium] › tests/visual/field-states.spec.ts:10:7 › select pending desktop-light (425ms)
[WebServer] 7:40:03 AM [vite] (client) [console.warn] Lit is in dev mode. Not recommended for production! See https://lit.dev/msg/dev-mode for more information.
  ✓  220 [chromium] › tests/visual/field-states.spec.ts:10:7 › select pending narrow-dark-rtl (411ms)
[WebServer] 7:40:03 AM [vite] (client) [console.warn] Lit is in dev mode. Not recommended for production! See https://lit.dev/msg/dev-mode for more information.
  ✓  221 [chromium] › tests/visual/field-states.spec.ts:10:7 › combobox disabled desktop-light (452ms)
[WebServer] 7:40:03 AM [vite] (client) [console.warn] Lit is in dev mode. Not recommended for production! See https://lit.dev/msg/dev-mode for more information.
  ✓  222 [chromium] › tests/visual/field-states.spec.ts:10:7 › combobox disabled narrow-dark-rtl (447ms)
[WebServer] 7:40:04 AM [vite] (client) [console.warn] Lit is in dev mode. Not recommended for production! See https://lit.dev/msg/dev-mode for more information.
  ✓  223 [chromium] › tests/visual/field-states.spec.ts:10:7 › combobox invalid desktop-light (432ms)
[WebServer] 7:40:04 AM [vite] (client) [console.warn] Lit is in dev mode. Not recommended for production! See https://lit.dev/msg/dev-mode for more information.
  ✓  224 [chromium] › tests/visual/field-states.spec.ts:10:7 › combobox invalid narrow-dark-rtl (415ms)
[WebServer] 7:40:05 AM [vite] (client) [console.warn] Lit is in dev mode. Not recommended for production! See https://lit.dev/msg/dev-mode for more information.
  ✓  225 [chromium] › tests/visual/field-states.spec.ts:10:7 › combobox pending desktop-light (432ms)
[WebServer] 7:40:05 AM [vite] (client) [console.warn] Lit is in dev mode. Not recommended for production! See https://lit.dev/msg/dev-mode for more information.
  ✓  226 [chromium] › tests/visual/field-states.spec.ts:10:7 › combobox pending narrow-dark-rtl (427ms)
[WebServer] 7:40:06 AM [vite] (client) [console.warn] Lit is in dev mode. Not recommended for production! See https://lit.dev/msg/dev-mode for more information.
  ✓  227 [chromium] › tests/visual/field-states.spec.ts:10:7 › date-field disabled desktop-light (416ms)
[WebServer] 7:40:06 AM [vite] (client) [console.warn] Lit is in dev mode. Not recommended for production! See https://lit.dev/msg/dev-mode for more information.
  ✓  228 [chromium] › tests/visual/field-states.spec.ts:10:7 › date-field disabled narrow-dark-rtl (443ms)
[WebServer] 7:40:06 AM [vite] (client) [console.warn] Lit is in dev mode. Not recommended for production! See https://lit.dev/msg/dev-mode for more information.
  ✓  229 [chromium] › tests/visual/field-states.spec.ts:10:7 › date-field invalid desktop-light (418ms)
[WebServer] 7:40:07 AM [vite] (client) [console.warn] Lit is in dev mode. Not recommended for production! See https://lit.dev/msg/dev-mode for more information.
  ✓  230 [chromium] › tests/visual/field-states.spec.ts:10:7 › date-field invalid narrow-dark-rtl (430ms)
[WebServer] 7:40:07 AM [vite] (client) [console.warn] Lit is in dev mode. Not recommended for production! See https://lit.dev/msg/dev-mode for more information.
  ✓  231 [chromium] › tests/visual/field-states.spec.ts:10:7 › date-field pending desktop-light (414ms)
[WebServer] 7:40:08 AM [vite] (client) [console.warn] Lit is in dev mode. Not recommended for production! See https://lit.dev/msg/dev-mode for more information.
  ✓  232 [chromium] › tests/visual/field-states.spec.ts:10:7 › date-field pending narrow-dark-rtl (445ms)
[WebServer] 7:40:08 AM [vite] (client) [console.warn] Lit is in dev mode. Not recommended for production! See https://lit.dev/msg/dev-mode for more information.
  ✓  233 [chromium] › tests/visual/field-states.spec.ts:10:7 › date-range disabled desktop-light (434ms)
[WebServer] 7:40:09 AM [vite] (client) [console.warn] Lit is in dev mode. Not recommended for production! See https://lit.dev/msg/dev-mode for more information.
  ✓  234 [chromium] › tests/visual/field-states.spec.ts:10:7 › date-range disabled narrow-dark-rtl (413ms)
[WebServer] 7:40:09 AM [vite] (client) [console.warn] Lit is in dev mode. Not recommended for production! See https://lit.dev/msg/dev-mode for more information.
  ✓  235 [chromium] › tests/visual/field-states.spec.ts:10:7 › date-range invalid desktop-light (432ms)
[WebServer] 7:40:10 AM [vite] (client) [console.warn] Lit is in dev mode. Not recommended for production! See https://lit.dev/msg/dev-mode for more information.
  ✓  236 [chromium] › tests/visual/field-states.spec.ts:10:7 › date-range invalid narrow-dark-rtl (449ms)
[WebServer] 7:40:10 AM [vite] (client) [console.warn] Lit is in dev mode. Not recommended for production! See https://lit.dev/msg/dev-mode for more information.
  ✓  237 [chromium] › tests/visual/field-states.spec.ts:10:7 › date-range pending desktop-light (452ms)
[WebServer] 7:40:10 AM [vite] (client) [console.warn] Lit is in dev mode. Not recommended for production! See https://lit.dev/msg/dev-mode for more information.
  ✓  238 [chromium] › tests/visual/field-states.spec.ts:10:7 › date-range pending narrow-dark-rtl (436ms)
[WebServer] 7:40:11 AM [vite] (client) [console.warn] Lit is in dev mode. Not recommended for production! See https://lit.dev/msg/dev-mode for more information.
  ✓  239 [chromium] › tests/visual/field-states.spec.ts:10:7 › slider disabled desktop-light (419ms)
[WebServer] 7:40:11 AM [vite] (client) [console.warn] Lit is in dev mode. Not recommended for production! See https://lit.dev/msg/dev-mode for more information.
  ✓  240 [chromium] › tests/visual/field-states.spec.ts:10:7 › slider disabled narrow-dark-rtl (447ms)
[WebServer] 7:40:12 AM [vite] (client) [console.warn] Lit is in dev mode. Not recommended for production! See https://lit.dev/msg/dev-mode for more information.
  ✓  241 [chromium] › tests/visual/field-states.spec.ts:10:7 › slider invalid desktop-light (450ms)
[WebServer] 7:40:12 AM [vite] (client) [console.warn] Lit is in dev mode. Not recommended for production! See https://lit.dev/msg/dev-mode for more information.
  ✓  242 [chromium] › tests/visual/field-states.spec.ts:10:7 › slider invalid narrow-dark-rtl (439ms)
[WebServer] 7:40:13 AM [vite] (client) [console.warn] Lit is in dev mode. Not recommended for production! See https://lit.dev/msg/dev-mode for more information.
  ✓  243 [chromium] › tests/visual/field-states.spec.ts:10:7 › slider pending desktop-light (433ms)
[WebServer] 7:40:13 AM [vite] (client) [console.warn] Lit is in dev mode. Not recommended for production! See https://lit.dev/msg/dev-mode for more information.
  ✓  244 [chromium] › tests/visual/field-states.spec.ts:10:7 › slider pending narrow-dark-rtl (447ms)
[WebServer] 7:40:13 AM [vite] (client) [console.warn] Lit is in dev mode. Not recommended for production! See https://lit.dev/msg/dev-mode for more information.
  ✓  245 [chromium] › tests/visual/field-states.spec.ts:10:7 › search-field disabled desktop-light (433ms)
[WebServer] 7:40:14 AM [vite] (client) [console.warn] Lit is in dev mode. Not recommended for production! See https://lit.dev/msg/dev-mode for more information.
  ✓  246 [chromium] › tests/visual/field-states.spec.ts:10:7 › search-field disabled narrow-dark-rtl (395ms)
[WebServer] 7:40:14 AM [vite] (client) [console.warn] Lit is in dev mode. Not recommended for production! See https://lit.dev/msg/dev-mode for more information.
  ✓  247 [chromium] › tests/visual/field-states.spec.ts:10:7 › search-field invalid desktop-light (414ms)
[WebServer] 7:40:15 AM [vite] (client) [console.warn] Lit is in dev mode. Not recommended for production! See https://lit.dev/msg/dev-mode for more information.
  ✓  248 [chromium] › tests/visual/field-states.spec.ts:10:7 › search-field invalid narrow-dark-rtl (427ms)
[WebServer] 7:40:15 AM [vite] (client) [console.warn] Lit is in dev mode. Not recommended for production! See https://lit.dev/msg/dev-mode for more information.
  ✓  249 [chromium] › tests/visual/field-states.spec.ts:10:7 › search-field pending desktop-light (416ms)
[WebServer] 7:40:16 AM [vite] (client) [console.warn] Lit is in dev mode. Not recommended for production! See https://lit.dev/msg/dev-mode for more information.
  ✓  250 [chromium] › tests/visual/field-states.spec.ts:10:7 › search-field pending narrow-dark-rtl (430ms)
[WebServer] 7:40:16 AM [vite] (client) [console.warn] Lit is in dev mode. Not recommended for production! See https://lit.dev/msg/dev-mode for more information.
  ✓  251 [chromium] › tests/visual/field-states.spec.ts:10:7 › file-input disabled desktop-light (413ms)
[WebServer] 7:40:16 AM [vite] (client) [console.warn] Lit is in dev mode. Not recommended for production! See https://lit.dev/msg/dev-mode for more information.
  ✓  252 [chromium] › tests/visual/field-states.spec.ts:10:7 › file-input disabled narrow-dark-rtl (409ms)
[WebServer] 7:40:17 AM [vite] (client) [console.warn] Lit is in dev mode. Not recommended for production! See https://lit.dev/msg/dev-mode for more information.
  ✓  253 [chromium] › tests/visual/field-states.spec.ts:10:7 › file-input invalid desktop-light (417ms)
[WebServer] 7:40:17 AM [vite] (client) [console.warn] Lit is in dev mode. Not recommended for production! See https://lit.dev/msg/dev-mode for more information.
  ✓  254 [chromium] › tests/visual/field-states.spec.ts:10:7 › file-input invalid narrow-dark-rtl (414ms)
[WebServer] 7:40:18 AM [vite] (client) [console.warn] Lit is in dev mode. Not recommended for production! See https://lit.dev/msg/dev-mode for more information.
  ✓  255 [chromium] › tests/visual/field-states.spec.ts:10:7 › file-input pending desktop-light (450ms)
[WebServer] 7:40:18 AM [vite] (client) [console.warn] Lit is in dev mode. Not recommended for production! See https://lit.dev/msg/dev-mode for more information.
  ✓  256 [chromium] › tests/visual/field-states.spec.ts:10:7 › file-input pending narrow-dark-rtl (413ms)
[WebServer] 7:40:19 AM [vite] (client) [console.warn] Lit is in dev mode. Not recommended for production! See https://lit.dev/msg/dev-mode for more information.
  ✓  257 [chromium] › tests/visual/structure-states.spec.ts:76:9 › desktop-light › button disabled and action-busy states remain native (415ms)
[WebServer] 7:40:19 AM [vite] (client) [console.warn] Lit is in dev mode. Not recommended for production! See https://lit.dev/msg/dev-mode for more information.
  ✓  258 [chromium] › tests/visual/structure-states.spec.ts:76:9 › desktop-light › icon-button disabled and action-busy states remain native (417ms)
[WebServer] 7:40:19 AM [vite] (client) [console.warn] Lit is in dev mode. Not recommended for production! See https://lit.dev/msg/dev-mode for more information.
  ✓  259 [chromium] › tests/visual/structure-states.spec.ts:94:7 › desktop-light › link disabled state removes navigation affordance (400ms)
[WebServer] 7:40:20 AM [vite] (client) [console.warn] Lit is in dev mode. Not recommended for production! See https://lit.dev/msg/dev-mode for more information.
  ✓  260 [chromium] › tests/visual/structure-states.spec.ts:102:7 › desktop-light › breadcrumb preserves current-location semantics and approved navigation intent (442ms)
[WebServer] 7:40:20 AM [vite] (client) [console.warn] Lit is in dev mode. Not recommended for production! See https://lit.dev/msg/dev-mode for more information.
  ✓  261 [chromium] › tests/visual/structure-states.spec.ts:115:7 › desktop-light › split pane disabled state blocks keyboard resizing (438ms)
[WebServer] 7:40:21 AM [vite] (client) [console.warn] Lit is in dev mode. Not recommended for production! See https://lit.dev/msg/dev-mode for more information.
  ✓  262 [chromium] › tests/visual/structure-states.spec.ts:128:7 › desktop-light › tabs commit selection by stable ID and keep disabled history unavailable (466ms)
[WebServer] 7:40:21 AM [vite] (client) [console.warn] Lit is in dev mode. Not recommended for production! See https://lit.dev/msg/dev-mode for more information.
  ✓  263 [chromium] › tests/visual/structure-states.spec.ts:146:7 › desktop-light › menu skips disabled actions, closes on Escape, and restores trigger focus (579ms)
[WebServer] 7:40:22 AM [vite] (client) [console.warn] Lit is in dev mode. Not recommended for production! See https://lit.dev/msg/dev-mode for more information.
  ✓  264 [chromium] › tests/visual/structure-states.spec.ts:171:7 › desktop-light › pagination blocks pending changes and commits an enabled page request (541ms)
[WebServer] 7:40:22 AM [vite] (client) [console.warn] Lit is in dev mode. Not recommended for production! See https://lit.dev/msg/dev-mode for more information.
  ✓  265 [chromium] › tests/visual/structure-states.spec.ts:187:7 › desktop-light › pagination disables both directions at a known single-page boundary (484ms)
[WebServer] 7:40:23 AM [vite] (client) [console.warn] Lit is in dev mode. Not recommended for production! See https://lit.dev/msg/dev-mode for more information.
  ✓  266 [chromium] › tests/visual/structure-states.spec.ts:200:7 › desktop-light › tree navigation selects enabled IDs and leaves disabled nodes inert (519ms)
[WebServer] 7:40:23 AM [vite] (client) [console.warn] Lit is in dev mode. Not recommended for production! See https://lit.dev/msg/dev-mode for more information.
  ✓  267 [chromium] › tests/visual/structure-states.spec.ts:219:7 › desktop-light › tooltip opens on focus and closes on Escape (415ms)
[WebServer] 7:40:24 AM [vite] (client) [console.warn] Lit is in dev mode. Not recommended for production! See https://lit.dev/msg/dev-mode for more information.
  ✓  268 [chromium] › tests/visual/structure-states.spec.ts:233:7 › desktop-light › nonmodal popover dismisses outside while modal mode traps focus and Escape closes (488ms)
[WebServer] 7:40:24 AM [vite] (client) [console.warn] Lit is in dev mode. Not recommended for production! See https://lit.dev/msg/dev-mode for more information.
  ✓  269 [chromium] › tests/visual/structure-states.spec.ts:264:7 › desktop-light › dialog honors Escape policy and returns focus after close (455ms)
[WebServer] 7:40:25 AM [vite] (client) [console.warn] Lit is in dev mode. Not recommended for production! See https://lit.dev/msg/dev-mode for more information.
  ✓  270 [chromium] › tests/visual/structure-states.spec.ts:283:7 › desktop-light › drawer preserves inline disclosure and modal Escape closure (412ms)
[WebServer] 7:40:25 AM [vite] (client) [console.warn] Lit is in dev mode. Not recommended for production! See https://lit.dev/msg/dev-mode for more information.
  ✓  271 [chromium] › tests/visual/structure-states.spec.ts:298:7 › desktop-light › toast distinguishes persistent danger feedback from dismissible success feedback (484ms)
[WebServer] 7:40:26 AM [vite] (client) [console.warn] Lit is in dev mode. Not recommended for production! See https://lit.dev/msg/dev-mode for more information.
  ✓  272 [chromium] › tests/visual/structure-states.spec.ts:316:7 › desktop-light › alert action and dismissal preserve live status semantics (500ms)
[WebServer] 7:40:26 AM [vite] (client) [console.warn] Lit is in dev mode. Not recommended for production! See https://lit.dev/msg/dev-mode for more information.
  ✓  273 [chromium] › tests/visual/structure-states.spec.ts:330:7 › desktop-light › progress exposes determinate and indeterminate states without false values (402ms)
[WebServer] 7:40:27 AM [vite] (client) [console.warn] Lit is in dev mode. Not recommended for production! See https://lit.dev/msg/dev-mode for more information.
  ✓  274 [chromium] › tests/visual/structure-states.spec.ts:342:7 › desktop-light › empty and loading feedback states expose truthful live regions (451ms)
[WebServer] 7:40:27 AM [vite] (client) [console.warn] Lit is in dev mode. Not recommended for production! See https://lit.dev/msg/dev-mode for more information.
  ✓  275 [chromium] › tests/visual/structure-states.spec.ts:356:7 › desktop-light › skeleton loading geometry respects reduced motion and alternate shape (399ms)
[WebServer] 7:40:27 AM [vite] (client) [console.warn] Lit is in dev mode. Not recommended for production! See https://lit.dev/msg/dev-mode for more information.
  ✓  276 [chromium] › tests/visual/structure-states.spec.ts:76:9 › narrow-dark-rtl › button disabled and action-busy states remain native (409ms)
[WebServer] 7:40:28 AM [vite] (client) [console.warn] Lit is in dev mode. Not recommended for production! See https://lit.dev/msg/dev-mode for more information.
  ✓  277 [chromium] › tests/visual/structure-states.spec.ts:76:9 › narrow-dark-rtl › icon-button disabled and action-busy states remain native (429ms)
[WebServer] 7:40:28 AM [vite] (client) [console.warn] Lit is in dev mode. Not recommended for production! See https://lit.dev/msg/dev-mode for more information.
  ✓  278 [chromium] › tests/visual/structure-states.spec.ts:94:7 › narrow-dark-rtl › link disabled state removes navigation affordance (394ms)
[WebServer] 7:40:29 AM [vite] (client) [console.warn] Lit is in dev mode. Not recommended for production! See https://lit.dev/msg/dev-mode for more information.
  ✓  279 [chromium] › tests/visual/structure-states.spec.ts:102:7 › narrow-dark-rtl › breadcrumb preserves current-location semantics and approved navigation intent (442ms)
[WebServer] 7:40:29 AM [vite] (client) [console.warn] Lit is in dev mode. Not recommended for production! See https://lit.dev/msg/dev-mode for more information.
  ✓  280 [chromium] › tests/visual/structure-states.spec.ts:115:7 › narrow-dark-rtl › split pane disabled state blocks keyboard resizing (413ms)
[WebServer] 7:40:29 AM [vite] (client) [console.warn] Lit is in dev mode. Not recommended for production! See https://lit.dev/msg/dev-mode for more information.
  ✓  281 [chromium] › tests/visual/structure-states.spec.ts:128:7 › narrow-dark-rtl › tabs commit selection by stable ID and keep disabled history unavailable (551ms)
[WebServer] 7:40:30 AM [vite] (client) [console.warn] Lit is in dev mode. Not recommended for production! See https://lit.dev/msg/dev-mode for more information.
  ✓  282 [chromium] › tests/visual/structure-states.spec.ts:146:7 › narrow-dark-rtl › menu skips disabled actions, closes on Escape, and restores trigger focus (522ms)
[WebServer] 7:40:31 AM [vite] (client) [console.warn] Lit is in dev mode. Not recommended for production! See https://lit.dev/msg/dev-mode for more information.
  ✓  283 [chromium] › tests/visual/structure-states.spec.ts:171:7 › narrow-dark-rtl › pagination blocks pending changes and commits an enabled page request (472ms)
[WebServer] 7:40:31 AM [vite] (client) [console.warn] Lit is in dev mode. Not recommended for production! See https://lit.dev/msg/dev-mode for more information.
  ✓  284 [chromium] › tests/visual/structure-states.spec.ts:187:7 › narrow-dark-rtl › pagination disables both directions at a known single-page boundary (415ms)
[WebServer] 7:40:31 AM [vite] (client) [console.warn] Lit is in dev mode. Not recommended for production! See https://lit.dev/msg/dev-mode for more information.
  ✓  285 [chromium] › tests/visual/structure-states.spec.ts:200:7 › narrow-dark-rtl › tree navigation selects enabled IDs and leaves disabled nodes inert (529ms)
[WebServer] 7:40:32 AM [vite] (client) [console.warn] Lit is in dev mode. Not recommended for production! See https://lit.dev/msg/dev-mode for more information.
  ✓  286 [chromium] › tests/visual/structure-states.spec.ts:219:7 › narrow-dark-rtl › tooltip opens on focus and closes on Escape (413ms)
[WebServer] 7:40:32 AM [vite] (client) [console.warn] Lit is in dev mode. Not recommended for production! See https://lit.dev/msg/dev-mode for more information.
  ✓  287 [chromium] › tests/visual/structure-states.spec.ts:233:7 › narrow-dark-rtl › nonmodal popover dismisses outside while modal mode traps focus and Escape closes (497ms)
[WebServer] 7:40:33 AM [vite] (client) [console.warn] Lit is in dev mode. Not recommended for production! See https://lit.dev/msg/dev-mode for more information.
  ✓  288 [chromium] › tests/visual/structure-states.spec.ts:264:7 › narrow-dark-rtl › dialog honors Escape policy and returns focus after close (450ms)
[WebServer] 7:40:33 AM [vite] (client) [console.warn] Lit is in dev mode. Not recommended for production! See https://lit.dev/msg/dev-mode for more information.
  ✓  289 [chromium] › tests/visual/structure-states.spec.ts:283:7 › narrow-dark-rtl › drawer preserves inline disclosure and modal Escape closure (398ms)
[WebServer] 7:40:34 AM [vite] (client) [console.warn] Lit is in dev mode. Not recommended for production! See https://lit.dev/msg/dev-mode for more information.
  ✓  290 [chromium] › tests/visual/structure-states.spec.ts:298:7 › narrow-dark-rtl › toast distinguishes persistent danger feedback from dismissible success feedback (478ms)
[WebServer] 7:40:34 AM [vite] (client) [console.warn] Lit is in dev mode. Not recommended for production! See https://lit.dev/msg/dev-mode for more information.
  ✓  291 [chromium] › tests/visual/structure-states.spec.ts:316:7 › narrow-dark-rtl › alert action and dismissal preserve live status semantics (460ms)
[WebServer] 7:40:35 AM [vite] (client) [console.warn] Lit is in dev mode. Not recommended for production! See https://lit.dev/msg/dev-mode for more information.
  ✓  292 [chromium] › tests/visual/structure-states.spec.ts:330:7 › narrow-dark-rtl › progress exposes determinate and indeterminate states without false values (395ms)
[WebServer] 7:40:35 AM [vite] (client) [console.warn] Lit is in dev mode. Not recommended for production! See https://lit.dev/msg/dev-mode for more information.
  ✓  293 [chromium] › tests/visual/structure-states.spec.ts:342:7 › narrow-dark-rtl › empty and loading feedback states expose truthful live regions (429ms)
[WebServer] 7:40:35 AM [vite] (client) [console.warn] Lit is in dev mode. Not recommended for production! See https://lit.dev/msg/dev-mode for more information.
  ✓  294 [chromium] › tests/visual/structure-states.spec.ts:356:7 › narrow-dark-rtl › skeleton loading geometry respects reduced motion and alternate shape (446ms)
(node:19228) Warning: The 'NO_COLOR' env is ignored due to the 'FORCE_COLOR' env being set.
(Use `node --trace-warnings ...` to show where the warning was created)
[WebServer] 7:40:38 AM [vite] (client) [console.warn] Lit is in dev mode. Not recommended for production! See https://lit.dev/msg/dev-mode for more information.
  ✓  295 [firefox] › tests/visual/catalog.spec.ts:7:6 › button desktop-light (1.1s)
[WebServer] 7:40:38 AM [vite] (client) [console.warn] Lit is in dev mode. Not recommended for production! See https://lit.dev/msg/dev-mode for more information.
  ✓  296 [firefox] › tests/visual/catalog.spec.ts:7:6 › button narrow-dark-rtl (557ms)
[WebServer] 7:40:39 AM [vite] (client) [console.warn] Lit is in dev mode. Not recommended for production! See https://lit.dev/msg/dev-mode for more information.
  ✓  297 [firefox] › tests/visual/catalog.spec.ts:7:6 › icon-button desktop-light (727ms)
[WebServer] 7:40:39 AM [vite] (client) [console.warn] Lit is in dev mode. Not recommended for production! See https://lit.dev/msg/dev-mode for more information.
  ✓  298 [firefox] › tests/visual/catalog.spec.ts:7:6 › icon-button narrow-dark-rtl (665ms)
[WebServer] 7:40:40 AM [vite] (client) [console.warn] Lit is in dev mode. Not recommended for production! See https://lit.dev/msg/dev-mode for more information.
  ✓  299 [firefox] › tests/visual/catalog.spec.ts:7:6 › link desktop-light (618ms)
[WebServer] 7:40:41 AM [vite] (client) [console.warn] Lit is in dev mode. Not recommended for production! See https://lit.dev/msg/dev-mode for more information.
  ✓  300 [firefox] › tests/visual/catalog.spec.ts:7:6 › link narrow-dark-rtl (558ms)
[WebServer] 7:40:41 AM [vite] (client) [console.warn] Lit is in dev mode. Not recommended for production! See https://lit.dev/msg/dev-mode for more information.
  ✓  301 [firefox] › tests/visual/catalog.spec.ts:7:6 › text desktop-light (550ms)
[WebServer] 7:40:42 AM [vite] (client) [console.warn] Lit is in dev mode. Not recommended for production! See https://lit.dev/msg/dev-mode for more information.
  ✓  302 [firefox] › tests/visual/catalog.spec.ts:7:6 › text narrow-dark-rtl (547ms)
[WebServer] 7:40:42 AM [vite] (client) [console.warn] Lit is in dev mode. Not recommended for production! See https://lit.dev/msg/dev-mode for more information.
  ✓  303 [firefox] › tests/visual/catalog.spec.ts:7:6 › heading desktop-light (552ms)
[WebServer] 7:40:43 AM [vite] (client) [console.warn] Lit is in dev mode. Not recommended for production! See https://lit.dev/msg/dev-mode for more information.
  ✓  304 [firefox] › tests/visual/catalog.spec.ts:7:6 › heading narrow-dark-rtl (1.1s)
[WebServer] 7:40:44 AM [vite] (client) [console.warn] Lit is in dev mode. Not recommended for production! See https://lit.dev/msg/dev-mode for more information.
  ✓  305 [firefox] › tests/visual/catalog.spec.ts:7:6 › badge desktop-light (543ms)
[WebServer] 7:40:45 AM [vite] (client) [console.warn] Lit is in dev mode. Not recommended for production! See https://lit.dev/msg/dev-mode for more information.
  ✓  306 [firefox] › tests/visual/catalog.spec.ts:7:6 › badge narrow-dark-rtl (551ms)
[WebServer] 7:40:45 AM [vite] (client) [console.warn] Lit is in dev mode. Not recommended for production! See https://lit.dev/msg/dev-mode for more information.
  ✓  307 [firefox] › tests/visual/catalog.spec.ts:7:6 › avatar desktop-light (600ms)
[WebServer] 7:40:46 AM [vite] (client) [console.warn] Lit is in dev mode. Not recommended for production! See https://lit.dev/msg/dev-mode for more information.
  ✓  308 [firefox] › tests/visual/catalog.spec.ts:7:6 › avatar narrow-dark-rtl (582ms)
[WebServer] 7:40:46 AM [vite] (client) [console.warn] Lit is in dev mode. Not recommended for production! See https://lit.dev/msg/dev-mode for more information.
  ✓  309 [firefox] › tests/visual/catalog.spec.ts:7:6 › separator desktop-light (552ms)
[WebServer] 7:40:47 AM [vite] (client) [console.warn] Lit is in dev mode. Not recommended for production! See https://lit.dev/msg/dev-mode for more information.
  ✓  310 [firefox] › tests/visual/catalog.spec.ts:7:6 › separator narrow-dark-rtl (535ms)
[WebServer] 7:40:47 AM [vite] (client) [console.warn] Lit is in dev mode. Not recommended for production! See https://lit.dev/msg/dev-mode for more information.
  ✓  311 [firefox] › tests/visual/catalog.spec.ts:7:6 › surface desktop-light (558ms)
[WebServer] 7:40:48 AM [vite] (client) [console.warn] Lit is in dev mode. Not recommended for production! See https://lit.dev/msg/dev-mode for more information.
  ✓  312 [firefox] › tests/visual/catalog.spec.ts:7:6 › surface narrow-dark-rtl (553ms)
[WebServer] 7:40:49 AM [vite] (client) [console.warn] Lit is in dev mode. Not recommended for production! See https://lit.dev/msg/dev-mode for more information.
  ✓  313 [firefox] › tests/visual/catalog.spec.ts:7:6 › stack desktop-light (543ms)
[WebServer] 7:40:49 AM [vite] (client) [console.warn] Lit is in dev mode. Not recommended for production! See https://lit.dev/msg/dev-mode for more information.
  ✓  314 [firefox] › tests/visual/catalog.spec.ts:7:6 › stack narrow-dark-rtl (1.2s)
[WebServer] 7:40:50 AM [vite] (client) [console.warn] Lit is in dev mode. Not recommended for production! See https://lit.dev/msg/dev-mode for more information.
  ✓  315 [firefox] › tests/visual/catalog.spec.ts:7:6 › grid desktop-light (534ms)
[WebServer] 7:40:51 AM [vite] (client) [console.warn] Lit is in dev mode. Not recommended for production! See https://lit.dev/msg/dev-mode for more information.
  ✓  316 [firefox] › tests/visual/catalog.spec.ts:7:6 › grid narrow-dark-rtl (533ms)
[WebServer] 7:40:51 AM [vite] (client) [console.warn] Lit is in dev mode. Not recommended for production! See https://lit.dev/msg/dev-mode for more information.
  ✓  317 [firefox] › tests/visual/catalog.spec.ts:7:6 › split-pane desktop-light (574ms)
[WebServer] 7:40:52 AM [vite] (client) [console.warn] Lit is in dev mode. Not recommended for production! See https://lit.dev/msg/dev-mode for more information.
  ✓  318 [firefox] › tests/visual/catalog.spec.ts:7:6 › split-pane narrow-dark-rtl (632ms)
[WebServer] 7:40:53 AM [vite] (client) [console.warn] Lit is in dev mode. Not recommended for production! See https://lit.dev/msg/dev-mode for more information.
  ✓  319 [firefox] › tests/visual/catalog.spec.ts:7:6 › scroll-area desktop-light (590ms)
[WebServer] 7:40:53 AM [vite] (client) [console.warn] Lit is in dev mode. Not recommended for production! See https://lit.dev/msg/dev-mode for more information.
  ✓  320 [firefox] › tests/visual/catalog.spec.ts:7:6 › scroll-area narrow-dark-rtl (593ms)
[WebServer] 7:40:54 AM [vite] (client) [console.warn] Lit is in dev mode. Not recommended for production! See https://lit.dev/msg/dev-mode for more information.
  ✓  321 [firefox] › tests/visual/catalog.spec.ts:7:6 › text-field desktop-light (606ms)
[WebServer] 7:40:54 AM [vite] (client) [console.warn] Lit is in dev mode. Not recommended for production! See https://lit.dev/msg/dev-mode for more information.
  ✓  322 [firefox] › tests/visual/catalog.spec.ts:7:6 › text-field narrow-dark-rtl (614ms)
[WebServer] 7:40:55 AM [vite] (client) [console.warn] Lit is in dev mode. Not recommended for production! See https://lit.dev/msg/dev-mode for more information.
  ✓  323 [firefox] › tests/visual/catalog.spec.ts:7:6 › text-area desktop-light (621ms)
[WebServer] 7:40:56 AM [vite] (client) [console.warn] Lit is in dev mode. Not recommended for production! See https://lit.dev/msg/dev-mode for more information.
  ✓  324 [firefox] › tests/visual/catalog.spec.ts:7:6 › text-area narrow-dark-rtl (1.2s)
[WebServer] 7:40:57 AM [vite] (client) [console.warn] Lit is in dev mode. Not recommended for production! See https://lit.dev/msg/dev-mode for more information.
  ✓  325 [firefox] › tests/visual/catalog.spec.ts:7:6 › number-field desktop-light (565ms)
[WebServer] 7:40:57 AM [vite] (client) [console.warn] Lit is in dev mode. Not recommended for production! See https://lit.dev/msg/dev-mode for more information.
  ✓  326 [firefox] › tests/visual/catalog.spec.ts:7:6 › number-field narrow-dark-rtl (553ms)
[WebServer] 7:40:58 AM [vite] (client) [console.warn] Lit is in dev mode. Not recommended for production! See https://lit.dev/msg/dev-mode for more information.
  ✓  327 [firefox] › tests/visual/catalog.spec.ts:7:6 › checkbox desktop-light (549ms)
[WebServer] 7:40:59 AM [vite] (client) [console.warn] Lit is in dev mode. Not recommended for production! See https://lit.dev/msg/dev-mode for more information.
  ✓  328 [firefox] › tests/visual/catalog.spec.ts:7:6 › checkbox narrow-dark-rtl (567ms)
[WebServer] 7:40:59 AM [vite] (client) [console.warn] Lit is in dev mode. Not recommended for production! See https://lit.dev/msg/dev-mode for more information.
  ✓  329 [firefox] › tests/visual/catalog.spec.ts:7:6 › radio-group desktop-light (569ms)
[WebServer] 7:41:00 AM [vite] (client) [console.warn] Lit is in dev mode. Not recommended for production! See https://lit.dev/msg/dev-mode for more information.
  ✓  330 [firefox] › tests/visual/catalog.spec.ts:7:6 › radio-group narrow-dark-rtl (574ms)
[WebServer] 7:41:00 AM [vite] (client) [console.warn] Lit is in dev mode. Not recommended for production! See https://lit.dev/msg/dev-mode for more information.
  ✓  331 [firefox] › tests/visual/catalog.spec.ts:7:6 › switch desktop-light (554ms)
[WebServer] 7:41:01 AM [vite] (client) [console.warn] Lit is in dev mode. Not recommended for production! See https://lit.dev/msg/dev-mode for more information.
  ✓  332 [firefox] › tests/visual/catalog.spec.ts:7:6 › switch narrow-dark-rtl (562ms)
[WebServer] 7:41:01 AM [vite] (client) [console.warn] Lit is in dev mode. Not recommended for production! See https://lit.dev/msg/dev-mode for more information.
  ✓  333 [firefox] › tests/visual/catalog.spec.ts:7:6 › select desktop-light (573ms)
[WebServer] 7:41:02 AM [vite] (client) [console.warn] Lit is in dev mode. Not recommended for production! See https://lit.dev/msg/dev-mode for more information.
  ✓  334 [firefox] › tests/visual/catalog.spec.ts:7:6 › select narrow-dark-rtl (1.2s)
[WebServer] 7:41:03 AM [vite] (client) [console.warn] Lit is in dev mode. Not recommended for production! See https://lit.dev/msg/dev-mode for more information.
  ✓  335 [firefox] › tests/visual/catalog.spec.ts:7:6 › combobox desktop-light (590ms)
[WebServer] 7:41:04 AM [vite] (client) [console.warn] Lit is in dev mode. Not recommended for production! See https://lit.dev/msg/dev-mode for more information.
  ✓  336 [firefox] › tests/visual/catalog.spec.ts:7:6 › combobox narrow-dark-rtl (569ms)
[WebServer] 7:41:04 AM [vite] (client) [console.warn] Lit is in dev mode. Not recommended for production! See https://lit.dev/msg/dev-mode for more information.
  ✓  337 [firefox] › tests/visual/catalog.spec.ts:7:6 › date-field desktop-light (596ms)
[WebServer] 7:41:05 AM [vite] (client) [console.warn] Lit is in dev mode. Not recommended for production! See https://lit.dev/msg/dev-mode for more information.
  ✓  338 [firefox] › tests/visual/catalog.spec.ts:7:6 › date-field narrow-dark-rtl (583ms)
[WebServer] 7:41:06 AM [vite] (client) [console.warn] Lit is in dev mode. Not recommended for production! See https://lit.dev/msg/dev-mode for more information.
  ✓  339 [firefox] › tests/visual/catalog.spec.ts:7:6 › date-range desktop-light (581ms)
[WebServer] 7:41:06 AM [vite] (client) [console.warn] Lit is in dev mode. Not recommended for production! See https://lit.dev/msg/dev-mode for more information.
  ✓  340 [firefox] › tests/visual/catalog.spec.ts:7:6 › date-range narrow-dark-rtl (595ms)
[WebServer] 7:41:07 AM [vite] (client) [console.warn] Lit is in dev mode. Not recommended for production! See https://lit.dev/msg/dev-mode for more information.
  ✓  341 [firefox] › tests/visual/catalog.spec.ts:7:6 › slider desktop-light (580ms)
[WebServer] 7:41:07 AM [vite] (client) [console.warn] Lit is in dev mode. Not recommended for production! See https://lit.dev/msg/dev-mode for more information.
  ✓  342 [firefox] › tests/visual/catalog.spec.ts:7:6 › slider narrow-dark-rtl (571ms)
[WebServer] 7:41:08 AM [vite] (client) [console.warn] Lit is in dev mode. Not recommended for production! See https://lit.dev/msg/dev-mode for more information.
  ✓  343 [firefox] › tests/visual/catalog.spec.ts:7:6 › search-field desktop-light (587ms)
[WebServer] 7:41:09 AM [vite] (client) [console.warn] Lit is in dev mode. Not recommended for production! See https://lit.dev/msg/dev-mode for more information.
  ✓  344 [firefox] › tests/visual/catalog.spec.ts:7:6 › search-field narrow-dark-rtl (1.2s)
[WebServer] 7:41:10 AM [vite] (client) [console.warn] Lit is in dev mode. Not recommended for production! See https://lit.dev/msg/dev-mode for more information.
  ✓  345 [firefox] › tests/visual/catalog.spec.ts:7:6 › file-input desktop-light (553ms)
[WebServer] 7:41:10 AM [vite] (client) [console.warn] Lit is in dev mode. Not recommended for production! See https://lit.dev/msg/dev-mode for more information.
  ✓  346 [firefox] › tests/visual/catalog.spec.ts:7:6 › file-input narrow-dark-rtl (535ms)
[WebServer] 7:41:11 AM [vite] (client) [console.warn] Lit is in dev mode. Not recommended for production! See https://lit.dev/msg/dev-mode for more information.
  ✓  347 [firefox] › tests/visual/catalog.spec.ts:7:6 › field-group desktop-light (706ms)
[WebServer] 7:41:12 AM [vite] (client) [console.warn] Lit is in dev mode. Not recommended for production! See https://lit.dev/msg/dev-mode for more information.
  ✓  348 [firefox] › tests/visual/catalog.spec.ts:7:6 › field-group narrow-dark-rtl (612ms)
[WebServer] 7:41:12 AM [vite] (client) [console.warn] Lit is in dev mode. Not recommended for production! See https://lit.dev/msg/dev-mode for more information.
  ✓  349 [firefox] › tests/visual/catalog.spec.ts:7:6 › form desktop-light (559ms)
[WebServer] 7:41:13 AM [vite] (client) [console.warn] Lit is in dev mode. Not recommended for production! See https://lit.dev/msg/dev-mode for more information.
  ✓  350 [firefox] › tests/visual/catalog.spec.ts:7:6 › form narrow-dark-rtl (577ms)
[WebServer] 7:41:13 AM [vite] (client) [console.warn] Lit is in dev mode. Not recommended for production! See https://lit.dev/msg/dev-mode for more information.
  ✓  351 [firefox] › tests/visual/catalog.spec.ts:7:6 › tabs desktop-light (600ms)
[WebServer] 7:41:14 AM [vite] (client) [console.warn] Lit is in dev mode. Not recommended for production! See https://lit.dev/msg/dev-mode for more information.
  ✓  352 [firefox] › tests/visual/catalog.spec.ts:7:6 › tabs narrow-dark-rtl (583ms)
[WebServer] 7:41:14 AM [vite] (client) [console.warn] Lit is in dev mode. Not recommended for production! See https://lit.dev/msg/dev-mode for more information.
  ✓  353 [firefox] › tests/visual/catalog.spec.ts:7:6 › breadcrumb desktop-light (591ms)
[WebServer] 7:41:15 AM [vite] (client) [console.warn] Lit is in dev mode. Not recommended for production! See https://lit.dev/msg/dev-mode for more information.
  ✓  354 [firefox] › tests/visual/catalog.spec.ts:7:6 › breadcrumb narrow-dark-rtl (1.2s)
[WebServer] 7:41:16 AM [vite] (client) [console.warn] Lit is in dev mode. Not recommended for production! See https://lit.dev/msg/dev-mode for more information.
  ✓  355 [firefox] › tests/visual/catalog.spec.ts:7:6 › pagination desktop-light (556ms)
[WebServer] 7:41:17 AM [vite] (client) [console.warn] Lit is in dev mode. Not recommended for production! See https://lit.dev/msg/dev-mode for more information.
  ✓  356 [firefox] › tests/visual/catalog.spec.ts:7:6 › pagination narrow-dark-rtl (556ms)
[WebServer] 7:41:17 AM [vite] (client) [console.warn] Lit is in dev mode. Not recommended for production! See https://lit.dev/msg/dev-mode for more information.
  ✓  357 [firefox] › tests/visual/catalog.spec.ts:7:6 › menu desktop-light (589ms)
[WebServer] 7:41:18 AM [vite] (client) [console.warn] Lit is in dev mode. Not recommended for production! See https://lit.dev/msg/dev-mode for more information.
  ✓  358 [firefox] › tests/visual/catalog.spec.ts:7:6 › menu narrow-dark-rtl (726ms)
[WebServer] 7:41:19 AM [vite] (client) [console.warn] Lit is in dev mode. Not recommended for production! See https://lit.dev/msg/dev-mode for more information.
  ✓  359 [firefox] › tests/visual/catalog.spec.ts:7:6 › tree-nav desktop-light (654ms)
[WebServer] 7:41:19 AM [vite] (client) [console.warn] Lit is in dev mode. Not recommended for production! See https://lit.dev/msg/dev-mode for more information.
  ✓  360 [firefox] › tests/visual/catalog.spec.ts:7:6 › tree-nav narrow-dark-rtl (773ms)
[WebServer] 7:41:20 AM [vite] (client) [console.warn] Lit is in dev mode. Not recommended for production! See https://lit.dev/msg/dev-mode for more information.
  ✓  361 [firefox] › tests/visual/catalog.spec.ts:7:6 › tooltip desktop-light (622ms)
[WebServer] 7:41:21 AM [vite] (client) [console.warn] Lit is in dev mode. Not recommended for production! See https://lit.dev/msg/dev-mode for more information.
  ✓  362 [firefox] › tests/visual/catalog.spec.ts:7:6 › tooltip narrow-dark-rtl (576ms)
[WebServer] 7:41:21 AM [vite] (client) [console.warn] Lit is in dev mode. Not recommended for production! See https://lit.dev/msg/dev-mode for more information.
  ✓  363 [firefox] › tests/visual/catalog.spec.ts:7:6 › popover desktop-light (641ms)
[WebServer] 7:41:22 AM [vite] (client) [console.warn] Lit is in dev mode. Not recommended for production! See https://lit.dev/msg/dev-mode for more information.
  ✓  364 [firefox] › tests/visual/catalog.spec.ts:7:6 › popover narrow-dark-rtl (1.3s)
[WebServer] 7:41:23 AM [vite] (client) [console.warn] Lit is in dev mode. Not recommended for production! See https://lit.dev/msg/dev-mode for more information.
  ✓  365 [firefox] › tests/visual/catalog.spec.ts:7:6 › dialog desktop-light (578ms)
[WebServer] 7:41:24 AM [vite] (client) [console.warn] Lit is in dev mode. Not recommended for production! See https://lit.dev/msg/dev-mode for more information.
  ✓  366 [firefox] › tests/visual/catalog.spec.ts:7:6 › dialog narrow-dark-rtl (564ms)
[WebServer] 7:41:24 AM [vite] (client) [console.warn] Lit is in dev mode. Not recommended for production! See https://lit.dev/msg/dev-mode for more information.
  ✓  367 [firefox] › tests/visual/catalog.spec.ts:7:6 › drawer desktop-light (586ms)
[WebServer] 7:41:25 AM [vite] (client) [console.warn] Lit is in dev mode. Not recommended for production! See https://lit.dev/msg/dev-mode for more information.
  ✓  368 [firefox] › tests/visual/catalog.spec.ts:7:6 › drawer narrow-dark-rtl (605ms)
[WebServer] 7:41:26 AM [vite] (client) [console.warn] Lit is in dev mode. Not recommended for production! See https://lit.dev/msg/dev-mode for more information.
  ✓  369 [firefox] › tests/visual/catalog.spec.ts:7:6 › toast desktop-light (562ms)
[WebServer] 7:41:26 AM [vite] (client) [console.warn] Lit is in dev mode. Not recommended for production! See https://lit.dev/msg/dev-mode for more information.
  ✓  370 [firefox] › tests/visual/catalog.spec.ts:7:6 › toast narrow-dark-rtl (566ms)
[WebServer] 7:41:27 AM [vite] (client) [console.warn] Lit is in dev mode. Not recommended for production! See https://lit.dev/msg/dev-mode for more information.
  ✓  371 [firefox] › tests/visual/catalog.spec.ts:7:6 › alert desktop-light (1.2s)
[WebServer] 7:41:28 AM [vite] (client) [console.warn] Lit is in dev mode. Not recommended for production! See https://lit.dev/msg/dev-mode for more information.
  ✓  372 [firefox] › tests/visual/catalog.spec.ts:7:6 › alert narrow-dark-rtl (572ms)
[WebServer] 7:41:29 AM [vite] (client) [console.warn] Lit is in dev mode. Not recommended for production! See https://lit.dev/msg/dev-mode for more information.
  ✓  373 [firefox] › tests/visual/catalog.spec.ts:7:6 › progress desktop-light (579ms)
[WebServer] 7:41:29 AM [vite] (client) [console.warn] Lit is in dev mode. Not recommended for production! See https://lit.dev/msg/dev-mode for more information.
  ✓  374 [firefox] › tests/visual/catalog.spec.ts:7:6 › progress narrow-dark-rtl (1.2s)
[WebServer] 7:41:30 AM [vite] (client) [console.warn] Lit is in dev mode. Not recommended for production! See https://lit.dev/msg/dev-mode for more information.
  ✓  375 [firefox] › tests/visual/catalog.spec.ts:7:6 › skeleton desktop-light (539ms)
[WebServer] 7:41:31 AM [vite] (client) [console.warn] Lit is in dev mode. Not recommended for production! See https://lit.dev/msg/dev-mode for more information.
  ✓  376 [firefox] › tests/visual/catalog.spec.ts:7:6 › skeleton narrow-dark-rtl (678ms)
[WebServer] 7:41:32 AM [vite] (client) [console.warn] Lit is in dev mode. Not recommended for production! See https://lit.dev/msg/dev-mode for more information.
  ✓  377 [firefox] › tests/visual/catalog.spec.ts:7:6 › empty-state desktop-light (578ms)
[WebServer] 7:41:32 AM [vite] (client) [console.warn] Lit is in dev mode. Not recommended for production! See https://lit.dev/msg/dev-mode for more information.
  ✓  378 [firefox] › tests/visual/catalog.spec.ts:7:6 › empty-state narrow-dark-rtl (584ms)
[WebServer] 7:41:33 AM [vite] (client) [console.warn] Lit is in dev mode. Not recommended for production! See https://lit.dev/msg/dev-mode for more information.
  ✓  379 [firefox] › tests/visual/catalog.spec.ts:7:6 › metric desktop-light (573ms)
[WebServer] 7:41:33 AM [vite] (client) [console.warn] Lit is in dev mode. Not recommended for production! See https://lit.dev/msg/dev-mode for more information.
  ✓  380 [firefox] › tests/visual/catalog.spec.ts:7:6 › metric narrow-dark-rtl (577ms)
[WebServer] 7:41:34 AM [vite] (client) [console.warn] Lit is in dev mode. Not recommended for production! See https://lit.dev/msg/dev-mode for more information.
  ✓  381 [firefox] › tests/visual/catalog.spec.ts:7:6 › delta desktop-light (584ms)
[WebServer] 7:41:35 AM [vite] (client) [console.warn] Lit is in dev mode. Not recommended for production! See https://lit.dev/msg/dev-mode for more information.
  ✓  382 [firefox] › tests/visual/catalog.spec.ts:7:6 › delta narrow-dark-rtl (584ms)
[WebServer] 7:41:35 AM [vite] (client) [console.warn] Lit is in dev mode. Not recommended for production! See https://lit.dev/msg/dev-mode for more information.
  ✓  383 [firefox] › tests/visual/catalog.spec.ts:7:6 › key-value desktop-light (583ms)
[WebServer] 7:41:36 AM [vite] (client) [console.warn] Lit is in dev mode. Not recommended for production! See https://lit.dev/msg/dev-mode for more information.
  ✓  384 [firefox] › tests/visual/catalog.spec.ts:7:6 › key-value narrow-dark-rtl (1.2s)
[WebServer] 7:41:37 AM [vite] (client) [console.warn] Lit is in dev mode. Not recommended for production! See https://lit.dev/msg/dev-mode for more information.
  ✓  385 [firefox] › tests/visual/catalog.spec.ts:7:6 › detail desktop-light (579ms)
[WebServer] 7:41:37 AM [vite] (client) [console.warn] Lit is in dev mode. Not recommended for production! See https://lit.dev/msg/dev-mode for more information.
  ✓  386 [firefox] › tests/visual/catalog.spec.ts:7:6 › detail narrow-dark-rtl (586ms)
[WebServer] 7:41:38 AM [vite] (client) [console.warn] Lit is in dev mode. Not recommended for production! See https://lit.dev/msg/dev-mode for more information.
  ✓  387 [firefox] › tests/visual/catalog.spec.ts:7:6 › record-list desktop-light (649ms)
[WebServer] 7:41:39 AM [vite] (client) [console.warn] Lit is in dev mode. Not recommended for production! See https://lit.dev/msg/dev-mode for more information.
  ✓  388 [firefox] › tests/visual/catalog.spec.ts:7:6 › record-list narrow-dark-rtl (657ms)
[WebServer] 7:41:39 AM [vite] (client) [console.warn] Lit is in dev mode. Not recommended for production! See https://lit.dev/msg/dev-mode for more information.
  ✓  389 [firefox] › tests/visual/catalog.spec.ts:7:6 › card-collection desktop-light (630ms)
[WebServer] 7:41:40 AM [vite] (client) [console.warn] Lit is in dev mode. Not recommended for production! See https://lit.dev/msg/dev-mode for more information.
  ✓  390 [firefox] › tests/visual/catalog.spec.ts:7:6 › card-collection narrow-dark-rtl (664ms)
[WebServer] 7:41:41 AM [vite] (client) [console.warn] Lit is in dev mode. Not recommended for production! See https://lit.dev/msg/dev-mode for more information.
  ✓  391 [firefox] › tests/visual/catalog.spec.ts:7:6 › table desktop-light (648ms)
[WebServer] 7:41:41 AM [vite] (client) [console.warn] Lit is in dev mode. Not recommended for production! See https://lit.dev/msg/dev-mode for more information.
  ✓  392 [firefox] › tests/visual/catalog.spec.ts:7:6 › table narrow-dark-rtl (634ms)
[WebServer] 7:41:42 AM [vite] (client) [console.warn] Lit is in dev mode. Not recommended for production! See https://lit.dev/msg/dev-mode for more information.
  ✓  393 [firefox] › tests/visual/catalog.spec.ts:7:6 › filter-builder desktop-light (629ms)
[WebServer] 7:41:43 AM [vite] (client) [console.warn] Lit is in dev mode. Not recommended for production! See https://lit.dev/msg/dev-mode for more information.
  ✓  394 [firefox] › tests/visual/catalog.spec.ts:7:6 › filter-builder narrow-dark-rtl (1.2s)
[WebServer] 7:41:44 AM [vite] (client) [console.warn] Lit is in dev mode. Not recommended for production! See https://lit.dev/msg/dev-mode for more information.
  ✓  395 [firefox] › tests/visual/catalog.spec.ts:7:6 › selection-summary desktop-light (650ms)
[WebServer] 7:41:44 AM [vite] (client) [console.warn] Lit is in dev mode. Not recommended for production! See https://lit.dev/msg/dev-mode for more information.
  ✓  396 [firefox] › tests/visual/catalog.spec.ts:7:6 › selection-summary narrow-dark-rtl (573ms)
[WebServer] 7:41:45 AM [vite] (client) [console.warn] Lit is in dev mode. Not recommended for production! See https://lit.dev/msg/dev-mode for more information.
  ✓  397 [firefox] › tests/visual/catalog.spec.ts:7:6 › trend desktop-light (679ms)
[WebServer] 7:41:46 AM [vite] (client) [console.warn] Lit is in dev mode. Not recommended for production! See https://lit.dev/msg/dev-mode for more information.
  ✓  398 [firefox] › tests/visual/catalog.spec.ts:7:6 › trend narrow-dark-rtl (699ms)
[WebServer] 7:41:46 AM [vite] (client) [console.warn] Lit is in dev mode. Not recommended for production! See https://lit.dev/msg/dev-mode for more information.
  ✓  399 [firefox] › tests/visual/catalog.spec.ts:7:6 › bar desktop-light (686ms)
[WebServer] 7:41:47 AM [vite] (client) [console.warn] Lit is in dev mode. Not recommended for production! See https://lit.dev/msg/dev-mode for more information.
  ✓  400 [firefox] › tests/visual/catalog.spec.ts:7:6 › bar narrow-dark-rtl (681ms)
[WebServer] 7:41:48 AM [vite] (client) [console.warn] Lit is in dev mode. Not recommended for production! See https://lit.dev/msg/dev-mode for more information.
  ✓  401 [firefox] › tests/visual/catalog.spec.ts:7:6 › area desktop-light (674ms)
[WebServer] 7:41:49 AM [vite] (client) [console.warn] Lit is in dev mode. Not recommended for production! See https://lit.dev/msg/dev-mode for more information.
  ✓  402 [firefox] › tests/visual/catalog.spec.ts:7:6 › area narrow-dark-rtl (678ms)
[WebServer] 7:41:49 AM [vite] (client) [console.warn] Lit is in dev mode. Not recommended for production! See https://lit.dev/msg/dev-mode for more information.
  ✓  403 [firefox] › tests/visual/catalog.spec.ts:7:6 › scatter desktop-light (704ms)
[WebServer] 7:41:50 AM [vite] (client) [console.warn] Lit is in dev mode. Not recommended for production! See https://lit.dev/msg/dev-mode for more information.
  ✓  404 [firefox] › tests/visual/catalog.spec.ts:7:6 › scatter narrow-dark-rtl (1.3s)
[WebServer] 7:41:51 AM [vite] (client) [console.warn] Lit is in dev mode. Not recommended for production! See https://lit.dev/msg/dev-mode for more information.
  ✓  405 [firefox] › tests/visual/catalog.spec.ts:7:6 › histogram desktop-light (672ms)
[WebServer] 7:41:52 AM [vite] (client) [console.warn] Lit is in dev mode. Not recommended for production! See https://lit.dev/msg/dev-mode for more information.
  ✓  406 [firefox] › tests/visual/catalog.spec.ts:7:6 › histogram narrow-dark-rtl (656ms)
[WebServer] 7:41:53 AM [vite] (client) [console.warn] Lit is in dev mode. Not recommended for production! See https://lit.dev/msg/dev-mode for more information.
  ✓  407 [firefox] › tests/visual/catalog.spec.ts:7:6 › heatmap desktop-light (785ms)
[WebServer] 7:41:53 AM [vite] (client) [console.warn] Lit is in dev mode. Not recommended for production! See https://lit.dev/msg/dev-mode for more information.
  ✓  408 [firefox] › tests/visual/catalog.spec.ts:7:6 › heatmap narrow-dark-rtl (719ms)
[WebServer] 7:41:54 AM [vite] (client) [console.warn] Lit is in dev mode. Not recommended for production! See https://lit.dev/msg/dev-mode for more information.
  ✓  409 [firefox] › tests/visual/catalog.spec.ts:7:6 › matrix desktop-light (611ms)
[WebServer] 7:41:55 AM [vite] (client) [console.warn] Lit is in dev mode. Not recommended for production! See https://lit.dev/msg/dev-mode for more information.
  ✓  410 [firefox] › tests/visual/catalog.spec.ts:7:6 › matrix narrow-dark-rtl (605ms)
[WebServer] 7:41:55 AM [vite] (client) [console.warn] Lit is in dev mode. Not recommended for production! See https://lit.dev/msg/dev-mode for more information.
  ✓  411 [firefox] › tests/visual/catalog.spec.ts:7:6 › relationship desktop-light (639ms)
[WebServer] 7:41:56 AM [vite] (client) [console.warn] Lit is in dev mode. Not recommended for production! See https://lit.dev/msg/dev-mode for more information.
  ✓  412 [firefox] › tests/visual/catalog.spec.ts:7:6 › relationship narrow-dark-rtl (639ms)
[WebServer] 7:41:57 AM [vite] (client) [console.warn] Lit is in dev mode. Not recommended for production! See https://lit.dev/msg/dev-mode for more information.
  ✓  413 [firefox] › tests/visual/catalog.spec.ts:7:6 › tree desktop-light (679ms)
[WebServer] 7:41:57 AM [vite] (client) [console.warn] Lit is in dev mode. Not recommended for production! See https://lit.dev/msg/dev-mode for more information.
  ✓  414 [firefox] › tests/visual/catalog.spec.ts:7:6 › tree narrow-dark-rtl (1.3s)
[WebServer] 7:41:59 AM [vite] (client) [console.warn] Lit is in dev mode. Not recommended for production! See https://lit.dev/msg/dev-mode for more information.
  ✓  415 [firefox] › tests/visual/catalog.spec.ts:7:6 › treemap desktop-light (637ms)
[WebServer] 7:41:59 AM [vite] (client) [console.warn] Lit is in dev mode. Not recommended for production! See https://lit.dev/msg/dev-mode for more information.
  ✓  416 [firefox] › tests/visual/catalog.spec.ts:7:6 › treemap narrow-dark-rtl (636ms)
[WebServer] 7:42:00 AM [vite] (client) [console.warn] Lit is in dev mode. Not recommended for production! See https://lit.dev/msg/dev-mode for more information.
  ✓  417 [firefox] › tests/visual/catalog.spec.ts:7:6 › timeline desktop-light (682ms)
[WebServer] 7:42:01 AM [vite] (client) [console.warn] Lit is in dev mode. Not recommended for production! See https://lit.dev/msg/dev-mode for more information.
  ✓  418 [firefox] › tests/visual/catalog.spec.ts:7:6 › timeline narrow-dark-rtl (672ms)
[WebServer] 7:42:01 AM [vite] (client) [console.warn] Lit is in dev mode. Not recommended for production! See https://lit.dev/msg/dev-mode for more information.
  ✓  419 [firefox] › tests/visual/catalog.spec.ts:7:6 › calendar-grid desktop-light (831ms)
[WebServer] 7:42:02 AM [vite] (client) [console.warn] Lit is in dev mode. Not recommended for production! See https://lit.dev/msg/dev-mode for more information.
  ✓  420 [firefox] › tests/visual/catalog.spec.ts:7:6 › calendar-grid narrow-dark-rtl (681ms)
[WebServer] 7:42:03 AM [vite] (client) [console.warn] Lit is in dev mode. Not recommended for production! See https://lit.dev/msg/dev-mode for more information.
  ✓  421 [firefox] › tests/visual/catalog.spec.ts:7:6 › explorer desktop-light (726ms)
[WebServer] 7:42:03 AM [vite] (client) [console.warn] Lit is in dev mode. Not recommended for production! See https://lit.dev/msg/dev-mode for more information.
  ✓  422 [firefox] › tests/visual/catalog.spec.ts:7:6 › explorer narrow-dark-rtl (717ms)
[WebServer] 7:42:04 AM [vite] (client) [console.warn] Lit is in dev mode. Not recommended for production! See https://lit.dev/msg/dev-mode for more information.
  ✓  423 [firefox] › tests/visual/catalog.spec.ts:7:6 › comparison desktop-light (664ms)
[WebServer] 7:42:05 AM [vite] (client) [console.warn] Lit is in dev mode. Not recommended for production! See https://lit.dev/msg/dev-mode for more information.
  ✓  424 [firefox] › tests/visual/catalog.spec.ts:7:6 › comparison narrow-dark-rtl (1.2s)
[WebServer] 7:42:06 AM [vite] (client) [console.warn] Lit is in dev mode. Not recommended for production! See https://lit.dev/msg/dev-mode for more information.
  ✓  425 [firefox] › tests/visual/catalog.spec.ts:7:6 › breakdown desktop-light (600ms)
[WebServer] 7:42:07 AM [vite] (client) [console.warn] Lit is in dev mode. Not recommended for production! See https://lit.dev/msg/dev-mode for more information.
  ✓  426 [firefox] › tests/visual/catalog.spec.ts:7:6 › breakdown narrow-dark-rtl (596ms)
[WebServer] 7:42:07 AM [vite] (client) [console.warn] Lit is in dev mode. Not recommended for production! See https://lit.dev/msg/dev-mode for more information.
  ✓  427 [firefox] › tests/visual/catalog.spec.ts:7:6 › investigation desktop-light (754ms)
[WebServer] 7:42:08 AM [vite] (client) [console.warn] Lit is in dev mode. Not recommended for production! See https://lit.dev/msg/dev-mode for more information.
  ✓  428 [firefox] › tests/visual/catalog.spec.ts:7:6 › investigation narrow-dark-rtl (763ms)
[WebServer] 7:42:09 AM [vite] (client) [console.warn] Lit is in dev mode. Not recommended for production! See https://lit.dev/msg/dev-mode for more information.
  ✓  429 [firefox] › tests/visual/catalog.spec.ts:7:6 › search-results desktop-light (557ms)
[WebServer] 7:42:09 AM [vite] (client) [console.warn] Lit is in dev mode. Not recommended for production! See https://lit.dev/msg/dev-mode for more information.
  ✓  430 [firefox] › tests/visual/catalog.spec.ts:7:6 › search-results narrow-dark-rtl (560ms)
[WebServer] 7:42:10 AM [vite] (client) [console.warn] Lit is in dev mode. Not recommended for production! See https://lit.dev/msg/dev-mode for more information.
  ✓  431 [firefox] › tests/visual/catalog.spec.ts:7:6 › record-editor desktop-light (624ms)
[WebServer] 7:42:11 AM [vite] (client) [console.warn] Lit is in dev mode. Not recommended for production! See https://lit.dev/msg/dev-mode for more information.
  ✓  432 [firefox] › tests/visual/catalog.spec.ts:7:6 › record-editor narrow-dark-rtl (614ms)
[WebServer] 7:42:11 AM [vite] (client) [console.warn] Lit is in dev mode. Not recommended for production! See https://lit.dev/msg/dev-mode for more information.
  ✓  433 [firefox] › tests/visual/catalog.spec.ts:7:6 › form-flow desktop-light (612ms)
[WebServer] 7:42:12 AM [vite] (client) [console.warn] Lit is in dev mode. Not recommended for production! See https://lit.dev/msg/dev-mode for more information.
  ✓  434 [firefox] › tests/visual/catalog.spec.ts:7:6 › form-flow narrow-dark-rtl (1.2s)
[WebServer] 7:42:13 AM [vite] (client) [console.warn] Lit is in dev mode. Not recommended for production! See https://lit.dev/msg/dev-mode for more information.
  ✓  435 [firefox] › tests/visual/catalog.spec.ts:7:6 › quality-panel desktop-light (575ms)
[WebServer] 7:42:14 AM [vite] (client) [console.warn] Lit is in dev mode. Not recommended for production! See https://lit.dev/msg/dev-mode for more information.
  ✓  436 [firefox] › tests/visual/catalog.spec.ts:7:6 › quality-panel narrow-dark-rtl (596ms)
[WebServer] 7:42:14 AM [vite] (client) [console.warn] Lit is in dev mode. Not recommended for production! See https://lit.dev/msg/dev-mode for more information.
  ✓  437 [firefox] › tests/visual/data-states.spec.ts:130:7 › metric renders its supported alternate data states (1.9s)
[WebServer] 7:42:16 AM [vite] (client) [console.warn] Lit is in dev mode. Not recommended for production! See https://lit.dev/msg/dev-mode for more information.
  ✓  438 [firefox] › tests/visual/data-states.spec.ts:130:7 › delta renders its supported alternate data states (1.8s)
[WebServer] 7:42:18 AM [vite] (client) [console.warn] Lit is in dev mode. Not recommended for production! See https://lit.dev/msg/dev-mode for more information.
  ✓  439 [firefox] › tests/visual/data-states.spec.ts:130:7 › key-value renders its supported alternate data states (1.9s)
[WebServer] 7:42:20 AM [vite] (client) [console.warn] Lit is in dev mode. Not recommended for production! See https://lit.dev/msg/dev-mode for more information.
  ✓  440 [firefox] › tests/visual/data-states.spec.ts:130:7 › detail renders its supported alternate data states (1.9s)
[WebServer] 7:42:22 AM [vite] (client) [console.warn] Lit is in dev mode. Not recommended for production! See https://lit.dev/msg/dev-mode for more information.
  ✓  441 [firefox] › tests/visual/data-states.spec.ts:130:7 › record-list renders its supported alternate data states (2.2s)
[WebServer] 7:42:24 AM [vite] (client) [console.warn] Lit is in dev mode. Not recommended for production! See https://lit.dev/msg/dev-mode for more information.
  ✓  442 [firefox] › tests/visual/data-states.spec.ts:130:7 › card-collection renders its supported alternate data states (2.2s)
[WebServer] 7:42:26 AM [vite] (client) [console.warn] Lit is in dev mode. Not recommended for production! See https://lit.dev/msg/dev-mode for more information.
  ✓  443 [firefox] › tests/visual/data-states.spec.ts:130:7 › table renders its supported alternate data states (2.4s)
[WebServer] 7:42:29 AM [vite] (client) [console.warn] Lit is in dev mode. Not recommended for production! See https://lit.dev/msg/dev-mode for more information.
  ✓  444 [firefox] › tests/visual/data-states.spec.ts:130:7 › filter-builder renders its supported alternate data states (3.3s)
[WebServer] 7:42:32 AM [vite] (client) [console.warn] Lit is in dev mode. Not recommended for production! See https://lit.dev/msg/dev-mode for more information.
  ✓  445 [firefox] › tests/visual/data-states.spec.ts:130:7 › selection-summary renders its supported alternate data states (1.6s)
[WebServer] 7:42:33 AM [vite] (client) [console.warn] Lit is in dev mode. Not recommended for production! See https://lit.dev/msg/dev-mode for more information.
  ✓  446 [firefox] › tests/visual/data-states.spec.ts:247:7 › explorer renders its supported alternate compound states (2.5s)
[WebServer] 7:42:36 AM [vite] (client) [console.warn] Lit is in dev mode. Not recommended for production! See https://lit.dev/msg/dev-mode for more information.
  ✓  447 [firefox] › tests/visual/data-states.spec.ts:247:7 › comparison renders its supported alternate compound states (2.4s)
[WebServer] 7:42:38 AM [vite] (client) [console.warn] Lit is in dev mode. Not recommended for production! See https://lit.dev/msg/dev-mode for more information.
  ✓  448 [firefox] › tests/visual/data-states.spec.ts:247:7 › breakdown renders its supported alternate compound states (2.0s)
[WebServer] 7:42:40 AM [vite] (client) [console.warn] Lit is in dev mode. Not recommended for production! See https://lit.dev/msg/dev-mode for more information.
  ✓  449 [firefox] › tests/visual/data-states.spec.ts:247:7 › investigation renders its supported alternate compound states (2.8s)
[WebServer] 7:42:43 AM [vite] (client) [console.warn] Lit is in dev mode. Not recommended for production! See https://lit.dev/msg/dev-mode for more information.
  ✓  450 [firefox] › tests/visual/data-states.spec.ts:247:7 › search-results renders its supported alternate compound states (2.3s)
[WebServer] 7:42:46 AM [vite] (client) [console.warn] Lit is in dev mode. Not recommended for production! See https://lit.dev/msg/dev-mode for more information.
  ✓  451 [firefox] › tests/visual/data-states.spec.ts:247:7 › record-editor renders its supported alternate compound states (2.8s)
[WebServer] 7:42:48 AM [vite] (client) [console.warn] Lit is in dev mode. Not recommended for production! See https://lit.dev/msg/dev-mode for more information.
  ✓  452 [firefox] › tests/visual/data-states.spec.ts:247:7 › form-flow renders its supported alternate compound states (2.4s)
[WebServer] 7:42:51 AM [vite] (client) [console.warn] Lit is in dev mode. Not recommended for production! See https://lit.dev/msg/dev-mode for more information.
  ✓  453 [firefox] › tests/visual/data-states.spec.ts:247:7 › quality-panel renders its supported alternate compound states (2.1s)
[WebServer] 7:42:53 AM [vite] (client) [console.warn] Lit is in dev mode. Not recommended for production! See https://lit.dev/msg/dev-mode for more information.
  ✓  454 [firefox] › tests/visual/data-states.spec.ts:315:7 › trend renders its supported alternate visualization states (3.1s)
[WebServer] 7:42:56 AM [vite] (client) [console.warn] Lit is in dev mode. Not recommended for production! See https://lit.dev/msg/dev-mode for more information.
  ✓  455 [firefox] › tests/visual/data-states.spec.ts:315:7 › bar renders its supported alternate visualization states (1.1s)
[WebServer] 7:42:57 AM [vite] (client) [console.warn] Lit is in dev mode. Not recommended for production! See https://lit.dev/msg/dev-mode for more information.
  ✓  456 [firefox] › tests/visual/data-states.spec.ts:315:7 › area renders its supported alternate visualization states (1.2s)
[WebServer] 7:42:58 AM [vite] (client) [console.warn] Lit is in dev mode. Not recommended for production! See https://lit.dev/msg/dev-mode for more information.
  ✓  457 [firefox] › tests/visual/data-states.spec.ts:315:7 › scatter renders its supported alternate visualization states (1.1s)
[WebServer] 7:42:59 AM [vite] (client) [console.warn] Lit is in dev mode. Not recommended for production! See https://lit.dev/msg/dev-mode for more information.
  ✓  458 [firefox] › tests/visual/data-states.spec.ts:315:7 › histogram renders its supported alternate visualization states (1.1s)
[WebServer] 7:43:01 AM [vite] (client) [console.warn] Lit is in dev mode. Not recommended for production! See https://lit.dev/msg/dev-mode for more information.
  ✓  459 [firefox] › tests/visual/data-states.spec.ts:315:7 › heatmap renders its supported alternate visualization states (1.2s)
[WebServer] 7:43:02 AM [vite] (client) [console.warn] Lit is in dev mode. Not recommended for production! See https://lit.dev/msg/dev-mode for more information.
  ✓  460 [firefox] › tests/visual/data-states.spec.ts:315:7 › matrix renders its supported alternate visualization states (1.1s)
[WebServer] 7:43:03 AM [vite] (client) [console.warn] Lit is in dev mode. Not recommended for production! See https://lit.dev/msg/dev-mode for more information.
  ✓  461 [firefox] › tests/visual/data-states.spec.ts:315:7 › timeline renders its supported alternate visualization states (1.3s)
[WebServer] 7:43:04 AM [vite] (client) [console.warn] Lit is in dev mode. Not recommended for production! See https://lit.dev/msg/dev-mode for more information.
  ✓  462 [firefox] › tests/visual/data-states.spec.ts:315:7 › calendar-grid renders its supported alternate visualization states (1.2s)
[WebServer] 7:43:05 AM [vite] (client) [console.warn] Lit is in dev mode. Not recommended for production! See https://lit.dev/msg/dev-mode for more information.
  ✓  463 [firefox] › tests/visual/data-states.spec.ts:315:7 › tree renders its supported alternate visualization states (1.6s)
[WebServer] 7:43:07 AM [vite] (client) [console.warn] Lit is in dev mode. Not recommended for production! See https://lit.dev/msg/dev-mode for more information.
  ✓  464 [firefox] › tests/visual/data-states.spec.ts:315:7 › treemap renders its supported alternate visualization states (2.6s)
[WebServer] 7:43:09 AM [vite] (client) [console.warn] Lit is in dev mode. Not recommended for production! See https://lit.dev/msg/dev-mode for more information.
  ✓  465 [firefox] › tests/visual/data-states.spec.ts:315:7 › relationship renders its supported alternate visualization states (1.4s)
  ✓  466 [firefox] › tests/visual/data-states.spec.ts:336:7 › unsupported state coverage is explicit › records the public state gaps in the test report (0ms)
[WebServer] 7:43:11 AM [vite] (client) [console.warn] Lit is in dev mode. Not recommended for production! See https://lit.dev/msg/dev-mode for more information.
  ✓  467 [firefox] › tests/visual/field-states.spec.ts:10:7 › text-field disabled desktop-light (566ms)
[WebServer] 7:43:11 AM [vite] (client) [console.warn] Lit is in dev mode. Not recommended for production! See https://lit.dev/msg/dev-mode for more information.
  ✓  468 [firefox] › tests/visual/field-states.spec.ts:10:7 › text-field disabled narrow-dark-rtl (568ms)
[WebServer] 7:43:12 AM [vite] (client) [console.warn] Lit is in dev mode. Not recommended for production! See https://lit.dev/msg/dev-mode for more information.
  ✓  469 [firefox] › tests/visual/field-states.spec.ts:10:7 › text-field invalid desktop-light (582ms)
[WebServer] 7:43:13 AM [vite] (client) [console.warn] Lit is in dev mode. Not recommended for production! See https://lit.dev/msg/dev-mode for more information.
  ✓  470 [firefox] › tests/visual/field-states.spec.ts:10:7 › text-field invalid narrow-dark-rtl (739ms)
[WebServer] 7:43:13 AM [vite] (client) [console.warn] Lit is in dev mode. Not recommended for production! See https://lit.dev/msg/dev-mode for more information.
  ✓  471 [firefox] › tests/visual/field-states.spec.ts:10:7 › text-field pending desktop-light (618ms)
[WebServer] 7:43:14 AM [vite] (client) [console.warn] Lit is in dev mode. Not recommended for production! See https://lit.dev/msg/dev-mode for more information.
  ✓  472 [firefox] › tests/visual/field-states.spec.ts:10:7 › text-field pending narrow-dark-rtl (741ms)
[WebServer] 7:43:15 AM [vite] (client) [console.warn] Lit is in dev mode. Not recommended for production! See https://lit.dev/msg/dev-mode for more information.
  ✓  473 [firefox] › tests/visual/field-states.spec.ts:10:7 › text-field read-only desktop-light (638ms)
[WebServer] 7:43:15 AM [vite] (client) [console.warn] Lit is in dev mode. Not recommended for production! See https://lit.dev/msg/dev-mode for more information.
  ✓  474 [firefox] › tests/visual/field-states.spec.ts:10:7 › text-field read-only narrow-dark-rtl (726ms)
[WebServer] 7:43:16 AM [vite] (client) [console.warn] Lit is in dev mode. Not recommended for production! See https://lit.dev/msg/dev-mode for more information.
  ✓  475 [firefox] › tests/visual/field-states.spec.ts:10:7 › text-area disabled desktop-light (1.4s)
[WebServer] 7:43:18 AM [vite] (client) [console.warn] Lit is in dev mode. Not recommended for production! See https://lit.dev/msg/dev-mode for more information.
  ✓  476 [firefox] › tests/visual/field-states.spec.ts:10:7 › text-area disabled narrow-dark-rtl (549ms)
[WebServer] 7:43:18 AM [vite] (client) [console.warn] Lit is in dev mode. Not recommended for production! See https://lit.dev/msg/dev-mode for more information.
  ✓  477 [firefox] › tests/visual/field-states.spec.ts:10:7 › text-area invalid desktop-light (575ms)
[WebServer] 7:43:19 AM [vite] (client) [console.warn] Lit is in dev mode. Not recommended for production! See https://lit.dev/msg/dev-mode for more information.
  ✓  478 [firefox] › tests/visual/field-states.spec.ts:10:7 › text-area invalid narrow-dark-rtl (592ms)
[WebServer] 7:43:19 AM [vite] (client) [console.warn] Lit is in dev mode. Not recommended for production! See https://lit.dev/msg/dev-mode for more information.
  ✓  479 [firefox] › tests/visual/field-states.spec.ts:10:7 › text-area pending desktop-light (578ms)
[WebServer] 7:43:20 AM [vite] (client) [console.warn] Lit is in dev mode. Not recommended for production! See https://lit.dev/msg/dev-mode for more information.
  ✓  480 [firefox] › tests/visual/field-states.spec.ts:10:7 › text-area pending narrow-dark-rtl (577ms)
[WebServer] 7:43:20 AM [vite] (client) [console.warn] Lit is in dev mode. Not recommended for production! See https://lit.dev/msg/dev-mode for more information.
  ✓  481 [firefox] › tests/visual/field-states.spec.ts:10:7 › text-area read-only desktop-light (596ms)
[WebServer] 7:43:21 AM [vite] (client) [console.warn] Lit is in dev mode. Not recommended for production! See https://lit.dev/msg/dev-mode for more information.
  ✓  482 [firefox] › tests/visual/field-states.spec.ts:10:7 › text-area read-only narrow-dark-rtl (581ms)
[WebServer] 7:43:22 AM [vite] (client) [console.warn] Lit is in dev mode. Not recommended for production! See https://lit.dev/msg/dev-mode for more information.
  ✓  483 [firefox] › tests/visual/field-states.spec.ts:10:7 › number-field disabled desktop-light (578ms)
[WebServer] 7:43:22 AM [vite] (client) [console.warn] Lit is in dev mode. Not recommended for production! See https://lit.dev/msg/dev-mode for more information.
  ✓  484 [firefox] › tests/visual/field-states.spec.ts:10:7 › number-field disabled narrow-dark-rtl (590ms)
[WebServer] 7:43:23 AM [vite] (client) [console.warn] Lit is in dev mode. Not recommended for production! See https://lit.dev/msg/dev-mode for more information.
  ✓  485 [firefox] › tests/visual/field-states.spec.ts:10:7 › number-field invalid desktop-light (1.2s)
[WebServer] 7:43:24 AM [vite] (client) [console.warn] Lit is in dev mode. Not recommended for production! See https://lit.dev/msg/dev-mode for more information.
  ✓  486 [firefox] › tests/visual/field-states.spec.ts:10:7 › number-field invalid narrow-dark-rtl (583ms)
[WebServer] 7:43:25 AM [vite] (client) [console.warn] Lit is in dev mode. Not recommended for production! See https://lit.dev/msg/dev-mode for more information.
  ✓  487 [firefox] › tests/visual/field-states.spec.ts:10:7 › number-field pending desktop-light (684ms)
[WebServer] 7:43:25 AM [vite] (client) [console.warn] Lit is in dev mode. Not recommended for production! See https://lit.dev/msg/dev-mode for more information.
  ✓  488 [firefox] › tests/visual/field-states.spec.ts:10:7 › number-field pending narrow-dark-rtl (637ms)
[WebServer] 7:43:26 AM [vite] (client) [console.warn] Lit is in dev mode. Not recommended for production! See https://lit.dev/msg/dev-mode for more information.
  ✓  489 [firefox] › tests/visual/field-states.spec.ts:10:7 › number-field read-only desktop-light (752ms)
[WebServer] 7:43:27 AM [vite] (client) [console.warn] Lit is in dev mode. Not recommended for production! See https://lit.dev/msg/dev-mode for more information.
  ✓  490 [firefox] › tests/visual/field-states.spec.ts:10:7 › number-field read-only narrow-dark-rtl (591ms)
[WebServer] 7:43:27 AM [vite] (client) [console.warn] Lit is in dev mode. Not recommended for production! See https://lit.dev/msg/dev-mode for more information.
  ✓  491 [firefox] › tests/visual/field-states.spec.ts:10:7 › checkbox disabled desktop-light (571ms)
[WebServer] 7:43:28 AM [vite] (client) [console.warn] Lit is in dev mode. Not recommended for production! See https://lit.dev/msg/dev-mode for more information.
  ✓  492 [firefox] › tests/visual/field-states.spec.ts:10:7 › checkbox disabled narrow-dark-rtl (562ms)
[WebServer] 7:43:28 AM [vite] (client) [console.warn] Lit is in dev mode. Not recommended for production! See https://lit.dev/msg/dev-mode for more information.
  ✓  493 [firefox] › tests/visual/field-states.spec.ts:10:7 › checkbox invalid desktop-light (586ms)
[WebServer] 7:43:29 AM [vite] (client) [console.warn] Lit is in dev mode. Not recommended for production! See https://lit.dev/msg/dev-mode for more information.
  ✓  494 [firefox] › tests/visual/field-states.spec.ts:10:7 › checkbox invalid narrow-dark-rtl (594ms)
[WebServer] 7:43:30 AM [vite] (client) [console.warn] Lit is in dev mode. Not recommended for production! See https://lit.dev/msg/dev-mode for more information.
  ✓  495 [firefox] › tests/visual/field-states.spec.ts:10:7 › checkbox pending desktop-light (1.2s)
[WebServer] 7:43:31 AM [vite] (client) [console.warn] Lit is in dev mode. Not recommended for production! See https://lit.dev/msg/dev-mode for more information.
  ✓  496 [firefox] › tests/visual/field-states.spec.ts:10:7 › checkbox pending narrow-dark-rtl (591ms)
[WebServer] 7:43:31 AM [vite] (client) [console.warn] Lit is in dev mode. Not recommended for production! See https://lit.dev/msg/dev-mode for more information.
  ✓  497 [firefox] › tests/visual/field-states.spec.ts:10:7 › radio-group disabled desktop-light (583ms)
[WebServer] 7:43:32 AM [vite] (client) [console.warn] Lit is in dev mode. Not recommended for production! See https://lit.dev/msg/dev-mode for more information.
  ✓  498 [firefox] › tests/visual/field-states.spec.ts:10:7 › radio-group disabled narrow-dark-rtl (609ms)
[WebServer] 7:43:33 AM [vite] (client) [console.warn] Lit is in dev mode. Not recommended for production! See https://lit.dev/msg/dev-mode for more information.
  ✓  499 [firefox] › tests/visual/field-states.spec.ts:10:7 › radio-group invalid desktop-light (581ms)
[WebServer] 7:43:33 AM [vite] (client) [console.warn] Lit is in dev mode. Not recommended for production! See https://lit.dev/msg/dev-mode for more information.
  ✓  500 [firefox] › tests/visual/field-states.spec.ts:10:7 › radio-group invalid narrow-dark-rtl (590ms)
[WebServer] 7:43:34 AM [vite] (client) [console.warn] Lit is in dev mode. Not recommended for production! See https://lit.dev/msg/dev-mode for more information.
  ✓  501 [firefox] › tests/visual/field-states.spec.ts:10:7 › radio-group pending desktop-light (595ms)
[WebServer] 7:43:34 AM [vite] (client) [console.warn] Lit is in dev mode. Not recommended for production! See https://lit.dev/msg/dev-mode for more information.
  ✓  502 [firefox] › tests/visual/field-states.spec.ts:10:7 › radio-group pending narrow-dark-rtl (606ms)
[WebServer] 7:43:35 AM [vite] (client) [console.warn] Lit is in dev mode. Not recommended for production! See https://lit.dev/msg/dev-mode for more information.
  ✓  503 [firefox] › tests/visual/field-states.spec.ts:10:7 › switch disabled desktop-light (579ms)
[WebServer] 7:43:36 AM [vite] (client) [console.warn] Lit is in dev mode. Not recommended for production! See https://lit.dev/msg/dev-mode for more information.
  ✓  504 [firefox] › tests/visual/field-states.spec.ts:10:7 › switch disabled narrow-dark-rtl (591ms)
[WebServer] 7:43:36 AM [vite] (client) [console.warn] Lit is in dev mode. Not recommended for production! See https://lit.dev/msg/dev-mode for more information.
  ✓  505 [firefox] › tests/visual/field-states.spec.ts:10:7 › switch invalid desktop-light (1.2s)
[WebServer] 7:43:37 AM [vite] (client) [console.warn] Lit is in dev mode. Not recommended for production! See https://lit.dev/msg/dev-mode for more information.
  ✓  506 [firefox] › tests/visual/field-states.spec.ts:10:7 › switch invalid narrow-dark-rtl (564ms)
[WebServer] 7:43:38 AM [vite] (client) [console.warn] Lit is in dev mode. Not recommended for production! See https://lit.dev/msg/dev-mode for more information.
  ✓  507 [firefox] › tests/visual/field-states.spec.ts:10:7 › switch pending desktop-light (566ms)
[WebServer] 7:43:39 AM [vite] (client) [console.warn] Lit is in dev mode. Not recommended for production! See https://lit.dev/msg/dev-mode for more information.
  ✓  508 [firefox] › tests/visual/field-states.spec.ts:10:7 › switch pending narrow-dark-rtl (633ms)
[WebServer] 7:43:39 AM [vite] (client) [console.warn] Lit is in dev mode. Not recommended for production! See https://lit.dev/msg/dev-mode for more information.
  ✓  509 [firefox] › tests/visual/field-states.spec.ts:10:7 › select disabled desktop-light (574ms)
[WebServer] 7:43:40 AM [vite] (client) [console.warn] Lit is in dev mode. Not recommended for production! See https://lit.dev/msg/dev-mode for more information.
  ✓  510 [firefox] › tests/visual/field-states.spec.ts:10:7 › select disabled narrow-dark-rtl (575ms)
[WebServer] 7:43:40 AM [vite] (client) [console.warn] Lit is in dev mode. Not recommended for production! See https://lit.dev/msg/dev-mode for more information.
  ✓  511 [firefox] › tests/visual/field-states.spec.ts:10:7 › select invalid desktop-light (604ms)
[WebServer] 7:43:41 AM [vite] (client) [console.warn] Lit is in dev mode. Not recommended for production! See https://lit.dev/msg/dev-mode for more information.
  ✓  512 [firefox] › tests/visual/field-states.spec.ts:10:7 › select invalid narrow-dark-rtl (593ms)
[WebServer] 7:43:42 AM [vite] (client) [console.warn] Lit is in dev mode. Not recommended for production! See https://lit.dev/msg/dev-mode for more information.
  ✓  513 [firefox] › tests/visual/field-states.spec.ts:10:7 › select pending desktop-light (574ms)
[WebServer] 7:43:42 AM [vite] (client) [console.warn] Lit is in dev mode. Not recommended for production! See https://lit.dev/msg/dev-mode for more information.
  ✓  514 [firefox] › tests/visual/field-states.spec.ts:10:7 › select pending narrow-dark-rtl (615ms)
[WebServer] 7:43:43 AM [vite] (client) [console.warn] Lit is in dev mode. Not recommended for production! See https://lit.dev/msg/dev-mode for more information.
  ✓  515 [firefox] › tests/visual/field-states.spec.ts:10:7 › combobox disabled desktop-light (1.5s)
[WebServer] 7:43:44 AM [vite] (client) [console.warn] Lit is in dev mode. Not recommended for production! See https://lit.dev/msg/dev-mode for more information.
  ✓  516 [firefox] › tests/visual/field-states.spec.ts:10:7 › combobox disabled narrow-dark-rtl (708ms)
[WebServer] 7:43:45 AM [vite] (client) [console.warn] Lit is in dev mode. Not recommended for production! See https://lit.dev/msg/dev-mode for more information.
  ✓  517 [firefox] › tests/visual/field-states.spec.ts:10:7 › combobox invalid desktop-light (676ms)
[WebServer] 7:43:46 AM [vite] (client) [console.warn] Lit is in dev mode. Not recommended for production! See https://lit.dev/msg/dev-mode for more information.
  ✓  518 [firefox] › tests/visual/field-states.spec.ts:10:7 › combobox invalid narrow-dark-rtl (655ms)
[WebServer] 7:43:46 AM [vite] (client) [console.warn] Lit is in dev mode. Not recommended for production! See https://lit.dev/msg/dev-mode for more information.
  ✓  519 [firefox] › tests/visual/field-states.spec.ts:10:7 › combobox pending desktop-light (636ms)
[WebServer] 7:43:47 AM [vite] (client) [console.warn] Lit is in dev mode. Not recommended for production! See https://lit.dev/msg/dev-mode for more information.
  ✓  520 [firefox] › tests/visual/field-states.spec.ts:10:7 › combobox pending narrow-dark-rtl (668ms)
[WebServer] 7:43:48 AM [vite] (client) [console.warn] Lit is in dev mode. Not recommended for production! See https://lit.dev/msg/dev-mode for more information.
  ✓  521 [firefox] › tests/visual/field-states.spec.ts:10:7 › date-field disabled desktop-light (635ms)
[WebServer] 7:43:48 AM [vite] (client) [console.warn] Lit is in dev mode. Not recommended for production! See https://lit.dev/msg/dev-mode for more information.
  ✓  522 [firefox] › tests/visual/field-states.spec.ts:10:7 › date-field disabled narrow-dark-rtl (587ms)
[WebServer] 7:43:49 AM [vite] (client) [console.warn] Lit is in dev mode. Not recommended for production! See https://lit.dev/msg/dev-mode for more information.
  ✓  523 [firefox] › tests/visual/field-states.spec.ts:10:7 › date-field invalid desktop-light (599ms)
[WebServer] 7:43:49 AM [vite] (client) [console.warn] Lit is in dev mode. Not recommended for production! See https://lit.dev/msg/dev-mode for more information.
  ✓  524 [firefox] › tests/visual/field-states.spec.ts:10:7 › date-field invalid narrow-dark-rtl (678ms)
[WebServer] 7:43:50 AM [vite] (client) [console.warn] Lit is in dev mode. Not recommended for production! See https://lit.dev/msg/dev-mode for more information.
  ✓  525 [firefox] › tests/visual/field-states.spec.ts:10:7 › date-field pending desktop-light (1.2s)
[WebServer] 7:43:51 AM [vite] (client) [console.warn] Lit is in dev mode. Not recommended for production! See https://lit.dev/msg/dev-mode for more information.
  ✓  526 [firefox] › tests/visual/field-states.spec.ts:10:7 › date-field pending narrow-dark-rtl (578ms)
[WebServer] 7:43:52 AM [vite] (client) [console.warn] Lit is in dev mode. Not recommended for production! See https://lit.dev/msg/dev-mode for more information.
  ✓  527 [firefox] › tests/visual/field-states.spec.ts:10:7 › date-range disabled desktop-light (727ms)
[WebServer] 7:43:53 AM [vite] (client) [console.warn] Lit is in dev mode. Not recommended for production! See https://lit.dev/msg/dev-mode for more information.
  ✓  528 [firefox] › tests/visual/field-states.spec.ts:10:7 › date-range disabled narrow-dark-rtl (626ms)
[WebServer] 7:43:53 AM [vite] (client) [console.warn] Lit is in dev mode. Not recommended for production! See https://lit.dev/msg/dev-mode for more information.
  ✓  529 [firefox] › tests/visual/field-states.spec.ts:10:7 › date-range invalid desktop-light (621ms)
[WebServer] 7:43:54 AM [vite] (client) [console.warn] Lit is in dev mode. Not recommended for production! See https://lit.dev/msg/dev-mode for more information.
  ✓  530 [firefox] › tests/visual/field-states.spec.ts:10:7 › date-range invalid narrow-dark-rtl (629ms)
[WebServer] 7:43:55 AM [vite] (client) [console.warn] Lit is in dev mode. Not recommended for production! See https://lit.dev/msg/dev-mode for more information.
  ✓  531 [firefox] › tests/visual/field-states.spec.ts:10:7 › date-range pending desktop-light (630ms)
[WebServer] 7:43:55 AM [vite] (client) [console.warn] Lit is in dev mode. Not recommended for production! See https://lit.dev/msg/dev-mode for more information.
  ✓  532 [firefox] › tests/visual/field-states.spec.ts:10:7 › date-range pending narrow-dark-rtl (629ms)
[WebServer] 7:43:56 AM [vite] (client) [console.warn] Lit is in dev mode. Not recommended for production! See https://lit.dev/msg/dev-mode for more information.
  ✓  533 [firefox] › tests/visual/field-states.spec.ts:10:7 › slider disabled desktop-light (630ms)
[WebServer] 7:43:56 AM [vite] (client) [console.warn] Lit is in dev mode. Not recommended for production! See https://lit.dev/msg/dev-mode for more information.
  ✓  534 [firefox] › tests/visual/field-states.spec.ts:10:7 › slider disabled narrow-dark-rtl (641ms)
[WebServer] 7:43:57 AM [vite] (client) [console.warn] Lit is in dev mode. Not recommended for production! See https://lit.dev/msg/dev-mode for more information.
  ✓  535 [firefox] › tests/visual/field-states.spec.ts:10:7 › slider invalid desktop-light (1.2s)
[WebServer] 7:43:58 AM [vite] (client) [console.warn] Lit is in dev mode. Not recommended for production! See https://lit.dev/msg/dev-mode for more information.
  ✓  536 [firefox] › tests/visual/field-states.spec.ts:10:7 › slider invalid narrow-dark-rtl (575ms)
[WebServer] 7:43:59 AM [vite] (client) [console.warn] Lit is in dev mode. Not recommended for production! See https://lit.dev/msg/dev-mode for more information.
  ✓  537 [firefox] › tests/visual/field-states.spec.ts:10:7 › slider pending desktop-light (574ms)
[WebServer] 7:44:00 AM [vite] (client) [console.warn] Lit is in dev mode. Not recommended for production! See https://lit.dev/msg/dev-mode for more information.
  ✓  538 [firefox] › tests/visual/field-states.spec.ts:10:7 › slider pending narrow-dark-rtl (622ms)
[WebServer] 7:44:00 AM [vite] (client) [console.warn] Lit is in dev mode. Not recommended for production! See https://lit.dev/msg/dev-mode for more information.
  ✓  539 [firefox] › tests/visual/field-states.spec.ts:10:7 › search-field disabled desktop-light (579ms)
[WebServer] 7:44:01 AM [vite] (client) [console.warn] Lit is in dev mode. Not recommended for production! See https://lit.dev/msg/dev-mode for more information.
  ✓  540 [firefox] › tests/visual/field-states.spec.ts:10:7 › search-field disabled narrow-dark-rtl (619ms)
[WebServer] 7:44:01 AM [vite] (client) [console.warn] Lit is in dev mode. Not recommended for production! See https://lit.dev/msg/dev-mode for more information.
  ✓  541 [firefox] › tests/visual/field-states.spec.ts:10:7 › search-field invalid desktop-light (624ms)
[WebServer] 7:44:02 AM [vite] (client) [console.warn] Lit is in dev mode. Not recommended for production! See https://lit.dev/msg/dev-mode for more information.
  ✓  542 [firefox] › tests/visual/field-states.spec.ts:10:7 › search-field invalid narrow-dark-rtl (676ms)
[WebServer] 7:44:03 AM [vite] (client) [console.warn] Lit is in dev mode. Not recommended for production! See https://lit.dev/msg/dev-mode for more information.
  ✓  543 [firefox] › tests/visual/field-states.spec.ts:10:7 › search-field pending desktop-light (639ms)
[WebServer] 7:44:03 AM [vite] (client) [console.warn] Lit is in dev mode. Not recommended for production! See https://lit.dev/msg/dev-mode for more information.
  ✓  544 [firefox] › tests/visual/field-states.spec.ts:10:7 › search-field pending narrow-dark-rtl (652ms)
[WebServer] 7:44:04 AM [vite] (client) [console.warn] Lit is in dev mode. Not recommended for production! See https://lit.dev/msg/dev-mode for more information.
  ✓  545 [firefox] › tests/visual/field-states.spec.ts:10:7 › file-input disabled desktop-light (1.3s)
[WebServer] 7:44:05 AM [vite] (client) [console.warn] Lit is in dev mode. Not recommended for production! See https://lit.dev/msg/dev-mode for more information.
  ✓  546 [firefox] › tests/visual/field-states.spec.ts:10:7 › file-input disabled narrow-dark-rtl (622ms)
[WebServer] 7:44:06 AM [vite] (client) [console.warn] Lit is in dev mode. Not recommended for production! See https://lit.dev/msg/dev-mode for more information.
  ✓  547 [firefox] › tests/visual/field-states.spec.ts:10:7 › file-input invalid desktop-light (581ms)
[WebServer] 7:44:06 AM [vite] (client) [console.warn] Lit is in dev mode. Not recommended for production! See https://lit.dev/msg/dev-mode for more information.
  ✓  548 [firefox] › tests/visual/field-states.spec.ts:10:7 › file-input invalid narrow-dark-rtl (622ms)
[WebServer] 7:44:07 AM [vite] (client) [console.warn] Lit is in dev mode. Not recommended for production! See https://lit.dev/msg/dev-mode for more information.
  ✓  549 [firefox] › tests/visual/field-states.spec.ts:10:7 › file-input pending desktop-light (591ms)
[WebServer] 7:44:08 AM [vite] (client) [console.warn] Lit is in dev mode. Not recommended for production! See https://lit.dev/msg/dev-mode for more information.
  ✓  550 [firefox] › tests/visual/field-states.spec.ts:10:7 › file-input pending narrow-dark-rtl (575ms)
[WebServer] 7:44:08 AM [vite] (client) [console.warn] Lit is in dev mode. Not recommended for production! See https://lit.dev/msg/dev-mode for more information.
  ✓  551 [firefox] › tests/visual/structure-states.spec.ts:76:9 › desktop-light › button disabled and action-busy states remain native (588ms)
[WebServer] 7:44:09 AM [vite] (client) [console.warn] Lit is in dev mode. Not recommended for production! See https://lit.dev/msg/dev-mode for more information.
  ✓  552 [firefox] › tests/visual/structure-states.spec.ts:76:9 › desktop-light › icon-button disabled and action-busy states remain native (609ms)
[WebServer] 7:44:09 AM [vite] (client) [console.warn] Lit is in dev mode. Not recommended for production! See https://lit.dev/msg/dev-mode for more information.
  ✓  553 [firefox] › tests/visual/structure-states.spec.ts:94:7 › desktop-light › link disabled state removes navigation affordance (581ms)
[WebServer] 7:44:10 AM [vite] (client) [console.warn] Lit is in dev mode. Not recommended for production! See https://lit.dev/msg/dev-mode for more information.
  ✓  554 [firefox] › tests/visual/structure-states.spec.ts:102:7 › desktop-light › breadcrumb preserves current-location semantics and approved navigation intent (689ms)
[WebServer] 7:44:11 AM [vite] (client) [console.warn] Lit is in dev mode. Not recommended for production! See https://lit.dev/msg/dev-mode for more information.
  ✓  555 [firefox] › tests/visual/structure-states.spec.ts:115:7 › desktop-light › split pane disabled state blocks keyboard resizing (1.3s)
[WebServer] 7:44:12 AM [vite] (client) [console.warn] Lit is in dev mode. Not recommended for production! See https://lit.dev/msg/dev-mode for more information.
  ✓  556 [firefox] › tests/visual/structure-states.spec.ts:128:7 › desktop-light › tabs commit selection by stable ID and keep disabled history unavailable (625ms)
[WebServer] 7:44:13 AM [vite] (client) [console.warn] Lit is in dev mode. Not recommended for production! See https://lit.dev/msg/dev-mode for more information.
  ✓  557 [firefox] › tests/visual/structure-states.spec.ts:146:7 › desktop-light › menu skips disabled actions, closes on Escape, and restores trigger focus (640ms)
[WebServer] 7:44:13 AM [vite] (client) [console.warn] Lit is in dev mode. Not recommended for production! See https://lit.dev/msg/dev-mode for more information.
  ✓  558 [firefox] › tests/visual/structure-states.spec.ts:171:7 › desktop-light › pagination blocks pending changes and commits an enabled page request (646ms)
[WebServer] 7:44:14 AM [vite] (client) [console.warn] Lit is in dev mode. Not recommended for production! See https://lit.dev/msg/dev-mode for more information.
  ✓  559 [firefox] › tests/visual/structure-states.spec.ts:187:7 › desktop-light › pagination disables both directions at a known single-page boundary (629ms)
[WebServer] 7:44:15 AM [vite] (client) [console.warn] Lit is in dev mode. Not recommended for production! See https://lit.dev/msg/dev-mode for more information.
  ✓  560 [firefox] › tests/visual/structure-states.spec.ts:200:7 › desktop-light › tree navigation selects enabled IDs and leaves disabled nodes inert (705ms)
[WebServer] 7:44:15 AM [vite] (client) [console.warn] Lit is in dev mode. Not recommended for production! See https://lit.dev/msg/dev-mode for more information.
  ✓  561 [firefox] › tests/visual/structure-states.spec.ts:219:7 › desktop-light › tooltip opens on focus and closes on Escape (574ms)
[WebServer] 7:44:16 AM [vite] (client) [console.warn] Lit is in dev mode. Not recommended for production! See https://lit.dev/msg/dev-mode for more information.
  ✓  562 [firefox] › tests/visual/structure-states.spec.ts:233:7 › desktop-light › nonmodal popover dismisses outside while modal mode traps focus and Escape closes (684ms)
[WebServer] 7:44:17 AM [vite] (client) [console.warn] Lit is in dev mode. Not recommended for production! See https://lit.dev/msg/dev-mode for more information.
  ✓  563 [firefox] › tests/visual/structure-states.spec.ts:264:7 › desktop-light › dialog honors Escape policy and returns focus after close (644ms)
[WebServer] 7:44:17 AM [vite] (client) [console.warn] Lit is in dev mode. Not recommended for production! See https://lit.dev/msg/dev-mode for more information.
  ✓  564 [firefox] › tests/visual/structure-states.spec.ts:283:7 › desktop-light › drawer preserves inline disclosure and modal Escape closure (591ms)
[WebServer] 7:44:18 AM [vite] (client) [console.warn] Lit is in dev mode. Not recommended for production! See https://lit.dev/msg/dev-mode for more information.
  ✓  565 [firefox] › tests/visual/structure-states.spec.ts:298:7 › desktop-light › toast distinguishes persistent danger feedback from dismissible success feedback (1.3s)
[WebServer] 7:44:19 AM [vite] (client) [console.warn] Lit is in dev mode. Not recommended for production! See https://lit.dev/msg/dev-mode for more information.
  ✓  566 [firefox] › tests/visual/structure-states.spec.ts:316:7 › desktop-light › alert action and dismissal preserve live status semantics (634ms)
[WebServer] 7:44:20 AM [vite] (client) [console.warn] Lit is in dev mode. Not recommended for production! See https://lit.dev/msg/dev-mode for more information.
  ✓  567 [firefox] › tests/visual/structure-states.spec.ts:330:7 › desktop-light › progress exposes determinate and indeterminate states without false values (560ms)
[WebServer] 7:44:20 AM [vite] (client) [console.warn] Lit is in dev mode. Not recommended for production! See https://lit.dev/msg/dev-mode for more information.
  ✓  568 [firefox] › tests/visual/structure-states.spec.ts:342:7 › desktop-light › empty and loading feedback states expose truthful live regions (622ms)
[WebServer] 7:44:21 AM [vite] (client) [console.warn] Lit is in dev mode. Not recommended for production! See https://lit.dev/msg/dev-mode for more information.
  ✓  569 [firefox] › tests/visual/structure-states.spec.ts:356:7 › desktop-light › skeleton loading geometry respects reduced motion and alternate shape (710ms)
[WebServer] 7:44:22 AM [vite] (client) [console.warn] Lit is in dev mode. Not recommended for production! See https://lit.dev/msg/dev-mode for more information.
  ✓  570 [firefox] › tests/visual/structure-states.spec.ts:76:9 › narrow-dark-rtl › button disabled and action-busy states remain native (610ms)
[WebServer] 7:44:22 AM [vite] (client) [console.warn] Lit is in dev mode. Not recommended for production! See https://lit.dev/msg/dev-mode for more information.
  ✓  571 [firefox] › tests/visual/structure-states.spec.ts:76:9 › narrow-dark-rtl › icon-button disabled and action-busy states remain native (587ms)
[WebServer] 7:44:23 AM [vite] (client) [console.warn] Lit is in dev mode. Not recommended for production! See https://lit.dev/msg/dev-mode for more information.
  ✓  572 [firefox] › tests/visual/structure-states.spec.ts:94:7 › narrow-dark-rtl › link disabled state removes navigation affordance (563ms)
[WebServer] 7:44:23 AM [vite] (client) [console.warn] Lit is in dev mode. Not recommended for production! See https://lit.dev/msg/dev-mode for more information.
  ✓  573 [firefox] › tests/visual/structure-states.spec.ts:102:7 › narrow-dark-rtl › breadcrumb preserves current-location semantics and approved navigation intent (635ms)
[WebServer] 7:44:24 AM [vite] (client) [console.warn] Lit is in dev mode. Not recommended for production! See https://lit.dev/msg/dev-mode for more information.
  ✓  574 [firefox] › tests/visual/structure-states.spec.ts:115:7 › narrow-dark-rtl › split pane disabled state blocks keyboard resizing (626ms)
[WebServer] 7:44:25 AM [vite] (client) [console.warn] Lit is in dev mode. Not recommended for production! See https://lit.dev/msg/dev-mode for more information.
  ✓  575 [firefox] › tests/visual/structure-states.spec.ts:128:7 › narrow-dark-rtl › tabs commit selection by stable ID and keep disabled history unavailable (1.3s)
[WebServer] 7:44:26 AM [vite] (client) [console.warn] Lit is in dev mode. Not recommended for production! See https://lit.dev/msg/dev-mode for more information.
  ✓  576 [firefox] › tests/visual/structure-states.spec.ts:146:7 › narrow-dark-rtl › menu skips disabled actions, closes on Escape, and restores trigger focus (740ms)
[WebServer] 7:44:27 AM [vite] (client) [console.warn] Lit is in dev mode. Not recommended for production! See https://lit.dev/msg/dev-mode for more information.
  ✓  577 [firefox] › tests/visual/structure-states.spec.ts:171:7 › narrow-dark-rtl › pagination blocks pending changes and commits an enabled page request (676ms)
[WebServer] 7:44:27 AM [vite] (client) [console.warn] Lit is in dev mode. Not recommended for production! See https://lit.dev/msg/dev-mode for more information.
  ✓  578 [firefox] › tests/visual/structure-states.spec.ts:187:7 › narrow-dark-rtl › pagination disables both directions at a known single-page boundary (620ms)
[WebServer] 7:44:28 AM [vite] (client) [console.warn] Lit is in dev mode. Not recommended for production! See https://lit.dev/msg/dev-mode for more information.
  ✓  579 [firefox] › tests/visual/structure-states.spec.ts:200:7 › narrow-dark-rtl › tree navigation selects enabled IDs and leaves disabled nodes inert (706ms)
[WebServer] 7:44:29 AM [vite] (client) [console.warn] Lit is in dev mode. Not recommended for production! See https://lit.dev/msg/dev-mode for more information.
  ✓  580 [firefox] › tests/visual/structure-states.spec.ts:219:7 › narrow-dark-rtl › tooltip opens on focus and closes on Escape (579ms)
[WebServer] 7:44:29 AM [vite] (client) [console.warn] Lit is in dev mode. Not recommended for production! See https://lit.dev/msg/dev-mode for more information.
  ✓  581 [firefox] › tests/visual/structure-states.spec.ts:233:7 › narrow-dark-rtl › nonmodal popover dismisses outside while modal mode traps focus and Escape closes (674ms)
[WebServer] 7:44:30 AM [vite] (client) [console.warn] Lit is in dev mode. Not recommended for production! See https://lit.dev/msg/dev-mode for more information.
  ✓  582 [firefox] › tests/visual/structure-states.spec.ts:264:7 › narrow-dark-rtl › dialog honors Escape policy and returns focus after close (617ms)
[WebServer] 7:44:31 AM [vite] (client) [console.warn] Lit is in dev mode. Not recommended for production! See https://lit.dev/msg/dev-mode for more information.
  ✓  583 [firefox] › tests/visual/structure-states.spec.ts:283:7 › narrow-dark-rtl › drawer preserves inline disclosure and modal Escape closure (588ms)
[WebServer] 7:44:31 AM [vite] (client) [console.warn] Lit is in dev mode. Not recommended for production! See https://lit.dev/msg/dev-mode for more information.
  ✓  584 [firefox] › tests/visual/structure-states.spec.ts:298:7 › narrow-dark-rtl › toast distinguishes persistent danger feedback from dismissible success feedback (664ms)
[WebServer] 7:44:32 AM [vite] (client) [console.warn] Lit is in dev mode. Not recommended for production! See https://lit.dev/msg/dev-mode for more information.
  ✓  585 [firefox] › tests/visual/structure-states.spec.ts:316:7 › narrow-dark-rtl › alert action and dismissal preserve live status semantics (1.3s)
[WebServer] 7:44:33 AM [vite] (client) [console.warn] Lit is in dev mode. Not recommended for production! See https://lit.dev/msg/dev-mode for more information.
  ✓  586 [firefox] › tests/visual/structure-states.spec.ts:330:7 › narrow-dark-rtl › progress exposes determinate and indeterminate states without false values (663ms)
[WebServer] 7:44:34 AM [vite] (client) [console.warn] Lit is in dev mode. Not recommended for production! See https://lit.dev/msg/dev-mode for more information.
  ✓  587 [firefox] › tests/visual/structure-states.spec.ts:342:7 › narrow-dark-rtl › empty and loading feedback states expose truthful live regions (609ms)
[WebServer] 7:44:34 AM [vite] (client) [console.warn] Lit is in dev mode. Not recommended for production! See https://lit.dev/msg/dev-mode for more information.
  ✓  588 [firefox] › tests/visual/structure-states.spec.ts:356:7 › narrow-dark-rtl › skeleton loading geometry respects reduced motion and alternate shape (575ms)
(node:20434) Warning: The 'NO_COLOR' env is ignored due to the 'FORCE_COLOR' env being set.
(Use `node --trace-warnings ...` to show where the warning was created)
[WebServer] 7:44:37 AM [vite] (client) [console.warn] Lit is in dev mode. Not recommended for production! See https://lit.dev/msg/dev-mode for more information.
  ✓  589 [webkit] › tests/visual/catalog.spec.ts:7:6 › button desktop-light (920ms)
[WebServer] 7:44:38 AM [vite] (client) [console.warn] Lit is in dev mode. Not recommended for production! See https://lit.dev/msg/dev-mode for more information.
  ✓  590 [webkit] › tests/visual/catalog.spec.ts:7:6 › button narrow-dark-rtl (567ms)
[WebServer] 7:44:38 AM [vite] (client) [console.warn] Lit is in dev mode. Not recommended for production! See https://lit.dev/msg/dev-mode for more information.
  ✓  591 [webkit] › tests/visual/catalog.spec.ts:7:6 › icon-button desktop-light (563ms)
[WebServer] 7:44:39 AM [vite] (client) [console.warn] Lit is in dev mode. Not recommended for production! See https://lit.dev/msg/dev-mode for more information.
  ✓  592 [webkit] › tests/visual/catalog.spec.ts:7:6 › icon-button narrow-dark-rtl (550ms)
[WebServer] 7:44:39 AM [vite] (client) [console.warn] Lit is in dev mode. Not recommended for production! See https://lit.dev/msg/dev-mode for more information.
  ✓  593 [webkit] › tests/visual/catalog.spec.ts:7:6 › link desktop-light (576ms)
[WebServer] 7:44:40 AM [vite] (client) [console.warn] Lit is in dev mode. Not recommended for production! See https://lit.dev/msg/dev-mode for more information.
  ✓  594 [webkit] › tests/visual/catalog.spec.ts:7:6 › link narrow-dark-rtl (605ms)
[WebServer] 7:44:40 AM [vite] (client) [console.warn] Lit is in dev mode. Not recommended for production! See https://lit.dev/msg/dev-mode for more information.
  ✓  595 [webkit] › tests/visual/catalog.spec.ts:7:6 › text desktop-light (634ms)
[WebServer] 7:44:41 AM [vite] (client) [console.warn] Lit is in dev mode. Not recommended for production! See https://lit.dev/msg/dev-mode for more information.
  ✓  596 [webkit] › tests/visual/catalog.spec.ts:7:6 › text narrow-dark-rtl (579ms)
[WebServer] 7:44:42 AM [vite] (client) [console.warn] Lit is in dev mode. Not recommended for production! See https://lit.dev/msg/dev-mode for more information.
  ✓  597 [webkit] › tests/visual/catalog.spec.ts:7:6 › heading desktop-light (560ms)
[WebServer] 7:44:42 AM [vite] (client) [console.warn] Lit is in dev mode. Not recommended for production! See https://lit.dev/msg/dev-mode for more information.
  ✓  598 [webkit] › tests/visual/catalog.spec.ts:7:6 › heading narrow-dark-rtl (563ms)
[WebServer] 7:44:43 AM [vite] (client) [console.warn] Lit is in dev mode. Not recommended for production! See https://lit.dev/msg/dev-mode for more information.
  ✓  599 [webkit] › tests/visual/catalog.spec.ts:7:6 › badge desktop-light (578ms)
[WebServer] 7:44:43 AM [vite] (client) [console.warn] Lit is in dev mode. Not recommended for production! See https://lit.dev/msg/dev-mode for more information.
  ✓  600 [webkit] › tests/visual/catalog.spec.ts:7:6 › badge narrow-dark-rtl (554ms)
[WebServer] 7:44:44 AM [vite] (client) [console.warn] Lit is in dev mode. Not recommended for production! See https://lit.dev/msg/dev-mode for more information.
  ✓  601 [webkit] › tests/visual/catalog.spec.ts:7:6 › avatar desktop-light (555ms)
[WebServer] 7:44:44 AM [vite] (client) [console.warn] Lit is in dev mode. Not recommended for production! See https://lit.dev/msg/dev-mode for more information.
  ✓  602 [webkit] › tests/visual/catalog.spec.ts:7:6 › avatar narrow-dark-rtl (554ms)
[WebServer] 7:44:45 AM [vite] (client) [console.warn] Lit is in dev mode. Not recommended for production! See https://lit.dev/msg/dev-mode for more information.
  ✓  603 [webkit] › tests/visual/catalog.spec.ts:7:6 › separator desktop-light (543ms)
[WebServer] 7:44:46 AM [vite] (client) [console.warn] Lit is in dev mode. Not recommended for production! See https://lit.dev/msg/dev-mode for more information.
  ✓  604 [webkit] › tests/visual/catalog.spec.ts:7:6 › separator narrow-dark-rtl (544ms)
[WebServer] 7:44:46 AM [vite] (client) [console.warn] Lit is in dev mode. Not recommended for production! See https://lit.dev/msg/dev-mode for more information.
  ✓  605 [webkit] › tests/visual/catalog.spec.ts:7:6 › surface desktop-light (552ms)
[WebServer] 7:44:47 AM [vite] (client) [console.warn] Lit is in dev mode. Not recommended for production! See https://lit.dev/msg/dev-mode for more information.
  ✓  606 [webkit] › tests/visual/catalog.spec.ts:7:6 › surface narrow-dark-rtl (551ms)
[WebServer] 7:44:47 AM [vite] (client) [console.warn] Lit is in dev mode. Not recommended for production! See https://lit.dev/msg/dev-mode for more information.
  ✓  607 [webkit] › tests/visual/catalog.spec.ts:7:6 › stack desktop-light (545ms)
[WebServer] 7:44:48 AM [vite] (client) [console.warn] Lit is in dev mode. Not recommended for production! See https://lit.dev/msg/dev-mode for more information.
  ✓  608 [webkit] › tests/visual/catalog.spec.ts:7:6 › stack narrow-dark-rtl (634ms)
[WebServer] 7:44:48 AM [vite] (client) [console.warn] Lit is in dev mode. Not recommended for production! See https://lit.dev/msg/dev-mode for more information.
  ✓  609 [webkit] › tests/visual/catalog.spec.ts:7:6 › grid desktop-light (609ms)
[WebServer] 7:44:49 AM [vite] (client) [console.warn] Lit is in dev mode. Not recommended for production! See https://lit.dev/msg/dev-mode for more information.
  ✓  610 [webkit] › tests/visual/catalog.spec.ts:7:6 › grid narrow-dark-rtl (633ms)
[WebServer] 7:44:50 AM [vite] (client) [console.warn] Lit is in dev mode. Not recommended for production! See https://lit.dev/msg/dev-mode for more information.
  ✓  611 [webkit] › tests/visual/catalog.spec.ts:7:6 › split-pane desktop-light (612ms)
[WebServer] 7:44:50 AM [vite] (client) [console.warn] Lit is in dev mode. Not recommended for production! See https://lit.dev/msg/dev-mode for more information.
  ✓  612 [webkit] › tests/visual/catalog.spec.ts:7:6 › split-pane narrow-dark-rtl (580ms)
[WebServer] 7:44:51 AM [vite] (client) [console.warn] Lit is in dev mode. Not recommended for production! See https://lit.dev/msg/dev-mode for more information.
  ✓  613 [webkit] › tests/visual/catalog.spec.ts:7:6 › scroll-area desktop-light (570ms)
[WebServer] 7:44:51 AM [vite] (client) [console.warn] Lit is in dev mode. Not recommended for production! See https://lit.dev/msg/dev-mode for more information.
  ✓  614 [webkit] › tests/visual/catalog.spec.ts:7:6 › scroll-area narrow-dark-rtl (571ms)
[WebServer] 7:44:52 AM [vite] (client) [console.warn] Lit is in dev mode. Not recommended for production! See https://lit.dev/msg/dev-mode for more information.
  ✓  615 [webkit] › tests/visual/catalog.spec.ts:7:6 › text-field desktop-light (613ms)
[WebServer] 7:44:53 AM [vite] (client) [console.warn] Lit is in dev mode. Not recommended for production! See https://lit.dev/msg/dev-mode for more information.
  ✓  616 [webkit] › tests/visual/catalog.spec.ts:7:6 › text-field narrow-dark-rtl (595ms)
[WebServer] 7:44:53 AM [vite] (client) [console.warn] Lit is in dev mode. Not recommended for production! See https://lit.dev/msg/dev-mode for more information.
  ✓  617 [webkit] › tests/visual/catalog.spec.ts:7:6 › text-area desktop-light (608ms)
[WebServer] 7:44:54 AM [vite] (client) [console.warn] Lit is in dev mode. Not recommended for production! See https://lit.dev/msg/dev-mode for more information.
  ✓  618 [webkit] › tests/visual/catalog.spec.ts:7:6 › text-area narrow-dark-rtl (579ms)
[WebServer] 7:44:54 AM [vite] (client) [console.warn] Lit is in dev mode. Not recommended for production! See https://lit.dev/msg/dev-mode for more information.
  ✓  619 [webkit] › tests/visual/catalog.spec.ts:7:6 › number-field desktop-light (596ms)
[WebServer] 7:44:55 AM [vite] (client) [console.warn] Lit is in dev mode. Not recommended for production! See https://lit.dev/msg/dev-mode for more information.
  ✓  620 [webkit] › tests/visual/catalog.spec.ts:7:6 › number-field narrow-dark-rtl (569ms)
[WebServer] 7:44:56 AM [vite] (client) [console.warn] Lit is in dev mode. Not recommended for production! See https://lit.dev/msg/dev-mode for more information.
  ✓  621 [webkit] › tests/visual/catalog.spec.ts:7:6 › checkbox desktop-light (573ms)
[WebServer] 7:44:56 AM [vite] (client) [console.warn] Lit is in dev mode. Not recommended for production! See https://lit.dev/msg/dev-mode for more information.
  ✓  622 [webkit] › tests/visual/catalog.spec.ts:7:6 › checkbox narrow-dark-rtl (581ms)
[WebServer] 7:44:57 AM [vite] (client) [console.warn] Lit is in dev mode. Not recommended for production! See https://lit.dev/msg/dev-mode for more information.
  ✓  623 [webkit] › tests/visual/catalog.spec.ts:7:6 › radio-group desktop-light (621ms)
[WebServer] 7:44:57 AM [vite] (client) [console.warn] Lit is in dev mode. Not recommended for production! See https://lit.dev/msg/dev-mode for more information.
  ✓  624 [webkit] › tests/visual/catalog.spec.ts:7:6 › radio-group narrow-dark-rtl (609ms)
[WebServer] 7:44:58 AM [vite] (client) [console.warn] Lit is in dev mode. Not recommended for production! See https://lit.dev/msg/dev-mode for more information.
  ✓  625 [webkit] › tests/visual/catalog.spec.ts:7:6 › switch desktop-light (590ms)
[WebServer] 7:44:59 AM [vite] (client) [console.warn] Lit is in dev mode. Not recommended for production! See https://lit.dev/msg/dev-mode for more information.
  ✓  626 [webkit] › tests/visual/catalog.spec.ts:7:6 › switch narrow-dark-rtl (551ms)
[WebServer] 7:44:59 AM [vite] (client) [console.warn] Lit is in dev mode. Not recommended for production! See https://lit.dev/msg/dev-mode for more information.
  ✓  627 [webkit] › tests/visual/catalog.spec.ts:7:6 › select desktop-light (579ms)
[WebServer] 7:45:00 AM [vite] (client) [console.warn] Lit is in dev mode. Not recommended for production! See https://lit.dev/msg/dev-mode for more information.
  ✓  628 [webkit] › tests/visual/catalog.spec.ts:7:6 › select narrow-dark-rtl (572ms)
[WebServer] 7:45:00 AM [vite] (client) [console.warn] Lit is in dev mode. Not recommended for production! See https://lit.dev/msg/dev-mode for more information.
  ✓  629 [webkit] › tests/visual/catalog.spec.ts:7:6 › combobox desktop-light (596ms)
[WebServer] 7:45:01 AM [vite] (client) [console.warn] Lit is in dev mode. Not recommended for production! See https://lit.dev/msg/dev-mode for more information.
  ✓  630 [webkit] › tests/visual/catalog.spec.ts:7:6 › combobox narrow-dark-rtl (566ms)
[WebServer] 7:45:01 AM [vite] (client) [console.warn] Lit is in dev mode. Not recommended for production! See https://lit.dev/msg/dev-mode for more information.
  ✓  631 [webkit] › tests/visual/catalog.spec.ts:7:6 › date-field desktop-light (567ms)
[WebServer] 7:45:02 AM [vite] (client) [console.warn] Lit is in dev mode. Not recommended for production! See https://lit.dev/msg/dev-mode for more information.
  ✓  632 [webkit] › tests/visual/catalog.spec.ts:7:6 › date-field narrow-dark-rtl (555ms)
[WebServer] 7:45:03 AM [vite] (client) [console.warn] Lit is in dev mode. Not recommended for production! See https://lit.dev/msg/dev-mode for more information.
  ✓  633 [webkit] › tests/visual/catalog.spec.ts:7:6 › date-range desktop-light (574ms)
[WebServer] 7:45:03 AM [vite] (client) [console.warn] Lit is in dev mode. Not recommended for production! See https://lit.dev/msg/dev-mode for more information.
  ✓  634 [webkit] › tests/visual/catalog.spec.ts:7:6 › date-range narrow-dark-rtl (657ms)
[WebServer] 7:45:04 AM [vite] (client) [console.warn] Lit is in dev mode. Not recommended for production! See https://lit.dev/msg/dev-mode for more information.
  ✓  635 [webkit] › tests/visual/catalog.spec.ts:7:6 › slider desktop-light (594ms)
[WebServer] 7:45:04 AM [vite] (client) [console.warn] Lit is in dev mode. Not recommended for production! See https://lit.dev/msg/dev-mode for more information.
  ✓  636 [webkit] › tests/visual/catalog.spec.ts:7:6 › slider narrow-dark-rtl (565ms)
[WebServer] 7:45:05 AM [vite] (client) [console.warn] Lit is in dev mode. Not recommended for production! See https://lit.dev/msg/dev-mode for more information.
  ✓  637 [webkit] › tests/visual/catalog.spec.ts:7:6 › search-field desktop-light (553ms)
[WebServer] 7:45:06 AM [vite] (client) [console.warn] Lit is in dev mode. Not recommended for production! See https://lit.dev/msg/dev-mode for more information.
  ✓  638 [webkit] › tests/visual/catalog.spec.ts:7:6 › search-field narrow-dark-rtl (550ms)
[WebServer] 7:45:06 AM [vite] (client) [console.warn] Lit is in dev mode. Not recommended for production! See https://lit.dev/msg/dev-mode for more information.
  ✓  639 [webkit] › tests/visual/catalog.spec.ts:7:6 › file-input desktop-light (562ms)
[WebServer] 7:45:07 AM [vite] (client) [console.warn] Lit is in dev mode. Not recommended for production! See https://lit.dev/msg/dev-mode for more information.
  ✓  640 [webkit] › tests/visual/catalog.spec.ts:7:6 › file-input narrow-dark-rtl (550ms)
[WebServer] 7:45:07 AM [vite] (client) [console.warn] Lit is in dev mode. Not recommended for production! See https://lit.dev/msg/dev-mode for more information.
  ✓  641 [webkit] › tests/visual/catalog.spec.ts:7:6 › field-group desktop-light (580ms)
[WebServer] 7:45:08 AM [vite] (client) [console.warn] Lit is in dev mode. Not recommended for production! See https://lit.dev/msg/dev-mode for more information.
  ✓  642 [webkit] › tests/visual/catalog.spec.ts:7:6 › field-group narrow-dark-rtl (579ms)
[WebServer] 7:45:08 AM [vite] (client) [console.warn] Lit is in dev mode. Not recommended for production! See https://lit.dev/msg/dev-mode for more information.
  ✓  643 [webkit] › tests/visual/catalog.spec.ts:7:6 › form desktop-light (584ms)
[WebServer] 7:45:09 AM [vite] (client) [console.warn] Lit is in dev mode. Not recommended for production! See https://lit.dev/msg/dev-mode for more information.
  ✓  644 [webkit] › tests/visual/catalog.spec.ts:7:6 › form narrow-dark-rtl (555ms)
[WebServer] 7:45:10 AM [vite] (client) [console.warn] Lit is in dev mode. Not recommended for production! See https://lit.dev/msg/dev-mode for more information.
  ✓  645 [webkit] › tests/visual/catalog.spec.ts:7:6 › tabs desktop-light (585ms)
[WebServer] 7:45:10 AM [vite] (client) [console.warn] Lit is in dev mode. Not recommended for production! See https://lit.dev/msg/dev-mode for more information.
  ✓  646 [webkit] › tests/visual/catalog.spec.ts:7:6 › tabs narrow-dark-rtl (696ms)
[WebServer] 7:45:11 AM [vite] (client) [console.warn] Lit is in dev mode. Not recommended for production! See https://lit.dev/msg/dev-mode for more information.
  ✓  647 [webkit] › tests/visual/catalog.spec.ts:7:6 › breadcrumb desktop-light (586ms)
[WebServer] 7:45:11 AM [vite] (client) [console.warn] Lit is in dev mode. Not recommended for production! See https://lit.dev/msg/dev-mode for more information.
  ✓  648 [webkit] › tests/visual/catalog.spec.ts:7:6 › breadcrumb narrow-dark-rtl (560ms)
[WebServer] 7:45:12 AM [vite] (client) [console.warn] Lit is in dev mode. Not recommended for production! See https://lit.dev/msg/dev-mode for more information.
  ✓  649 [webkit] › tests/visual/catalog.spec.ts:7:6 › pagination desktop-light (591ms)
[WebServer] 7:45:13 AM [vite] (client) [console.warn] Lit is in dev mode. Not recommended for production! See https://lit.dev/msg/dev-mode for more information.
  ✓  650 [webkit] › tests/visual/catalog.spec.ts:7:6 › pagination narrow-dark-rtl (601ms)
[WebServer] 7:45:13 AM [vite] (client) [console.warn] Lit is in dev mode. Not recommended for production! See https://lit.dev/msg/dev-mode for more information.
  ✓  651 [webkit] › tests/visual/catalog.spec.ts:7:6 › menu desktop-light (621ms)
[WebServer] 7:45:14 AM [vite] (client) [console.warn] Lit is in dev mode. Not recommended for production! See https://lit.dev/msg/dev-mode for more information.
  ✓  652 [webkit] › tests/visual/catalog.spec.ts:7:6 › menu narrow-dark-rtl (637ms)
[WebServer] 7:45:14 AM [vite] (client) [console.warn] Lit is in dev mode. Not recommended for production! See https://lit.dev/msg/dev-mode for more information.
  ✓  653 [webkit] › tests/visual/catalog.spec.ts:7:6 › tree-nav desktop-light (605ms)
[WebServer] 7:45:15 AM [vite] (client) [console.warn] Lit is in dev mode. Not recommended for production! See https://lit.dev/msg/dev-mode for more information.
  ✓  654 [webkit] › tests/visual/catalog.spec.ts:7:6 › tree-nav narrow-dark-rtl (574ms)
[WebServer] 7:45:16 AM [vite] (client) [console.warn] Lit is in dev mode. Not recommended for production! See https://lit.dev/msg/dev-mode for more information.
  ✓  655 [webkit] › tests/visual/catalog.spec.ts:7:6 › tooltip desktop-light (560ms)
[WebServer] 7:45:16 AM [vite] (client) [console.warn] Lit is in dev mode. Not recommended for production! See https://lit.dev/msg/dev-mode for more information.
  ✓  656 [webkit] › tests/visual/catalog.spec.ts:7:6 › tooltip narrow-dark-rtl (557ms)
[WebServer] 7:45:17 AM [vite] (client) [console.warn] Lit is in dev mode. Not recommended for production! See https://lit.dev/msg/dev-mode for more information.
  ✓  657 [webkit] › tests/visual/catalog.spec.ts:7:6 › popover desktop-light (579ms)
[WebServer] 7:45:17 AM [vite] (client) [console.warn] Lit is in dev mode. Not recommended for production! See https://lit.dev/msg/dev-mode for more information.
  ✓  658 [webkit] › tests/visual/catalog.spec.ts:7:6 › popover narrow-dark-rtl (557ms)
[WebServer] 7:45:18 AM [vite] (client) [console.warn] Lit is in dev mode. Not recommended for production! See https://lit.dev/msg/dev-mode for more information.
  ✓  659 [webkit] › tests/visual/catalog.spec.ts:7:6 › dialog desktop-light (578ms)
[WebServer] 7:45:18 AM [vite] (client) [console.warn] Lit is in dev mode. Not recommended for production! See https://lit.dev/msg/dev-mode for more information.
  ✓  660 [webkit] › tests/visual/catalog.spec.ts:7:6 › dialog narrow-dark-rtl (598ms)
[WebServer] 7:45:19 AM [vite] (client) [console.warn] Lit is in dev mode. Not recommended for production! See https://lit.dev/msg/dev-mode for more information.
  ✓  661 [webkit] › tests/visual/catalog.spec.ts:7:6 › drawer desktop-light (616ms)
[WebServer] 7:45:20 AM [vite] (client) [console.warn] Lit is in dev mode. Not recommended for production! See https://lit.dev/msg/dev-mode for more information.
  ✓  662 [webkit] › tests/visual/catalog.spec.ts:7:6 › drawer narrow-dark-rtl (625ms)
[WebServer] 7:45:20 AM [vite] (client) [console.warn] Lit is in dev mode. Not recommended for production! See https://lit.dev/msg/dev-mode for more information.
  ✓  663 [webkit] › tests/visual/catalog.spec.ts:7:6 › toast desktop-light (585ms)
[WebServer] 7:45:21 AM [vite] (client) [console.warn] Lit is in dev mode. Not recommended for production! See https://lit.dev/msg/dev-mode for more information.
  ✓  664 [webkit] › tests/visual/catalog.spec.ts:7:6 › toast narrow-dark-rtl (595ms)
[WebServer] 7:45:22 AM [vite] (client) [console.warn] Lit is in dev mode. Not recommended for production! See https://lit.dev/msg/dev-mode for more information.
  ✓  665 [webkit] › tests/visual/catalog.spec.ts:7:6 › alert desktop-light (590ms)
[WebServer] 7:45:22 AM [vite] (client) [console.warn] Lit is in dev mode. Not recommended for production! See https://lit.dev/msg/dev-mode for more information.
  ✓  666 [webkit] › tests/visual/catalog.spec.ts:7:6 › alert narrow-dark-rtl (564ms)
[WebServer] 7:45:23 AM [vite] (client) [console.warn] Lit is in dev mode. Not recommended for production! See https://lit.dev/msg/dev-mode for more information.
  ✓  667 [webkit] › tests/visual/catalog.spec.ts:7:6 › progress desktop-light (553ms)
[WebServer] 7:45:23 AM [vite] (client) [console.warn] Lit is in dev mode. Not recommended for production! See https://lit.dev/msg/dev-mode for more information.
  ✓  668 [webkit] › tests/visual/catalog.spec.ts:7:6 › progress narrow-dark-rtl (545ms)
[WebServer] 7:45:24 AM [vite] (client) [console.warn] Lit is in dev mode. Not recommended for production! See https://lit.dev/msg/dev-mode for more information.
  ✓  669 [webkit] › tests/visual/catalog.spec.ts:7:6 › skeleton desktop-light (554ms)
[WebServer] 7:45:24 AM [vite] (client) [console.warn] Lit is in dev mode. Not recommended for production! See https://lit.dev/msg/dev-mode for more information.
  ✓  670 [webkit] › tests/visual/catalog.spec.ts:7:6 › skeleton narrow-dark-rtl (555ms)
[WebServer] 7:45:25 AM [vite] (client) [console.warn] Lit is in dev mode. Not recommended for production! See https://lit.dev/msg/dev-mode for more information.
  ✓  671 [webkit] › tests/visual/catalog.spec.ts:7:6 › empty-state desktop-light (558ms)
[WebServer] 7:45:25 AM [vite] (client) [console.warn] Lit is in dev mode. Not recommended for production! See https://lit.dev/msg/dev-mode for more information.
  ✓  672 [webkit] › tests/visual/catalog.spec.ts:7:6 › empty-state narrow-dark-rtl (559ms)
[WebServer] 7:45:26 AM [vite] (client) [console.warn] Lit is in dev mode. Not recommended for production! See https://lit.dev/msg/dev-mode for more information.
  ✓  673 [webkit] › tests/visual/catalog.spec.ts:7:6 › metric desktop-light (633ms)
[WebServer] 7:45:27 AM [vite] (client) [console.warn] Lit is in dev mode. Not recommended for production! See https://lit.dev/msg/dev-mode for more information.
  ✓  674 [webkit] › tests/visual/catalog.spec.ts:7:6 › metric narrow-dark-rtl (637ms)
[WebServer] 7:45:27 AM [vite] (client) [console.warn] Lit is in dev mode. Not recommended for production! See https://lit.dev/msg/dev-mode for more information.
  ✓  675 [webkit] › tests/visual/catalog.spec.ts:7:6 › delta desktop-light (584ms)
[WebServer] 7:45:28 AM [vite] (client) [console.warn] Lit is in dev mode. Not recommended for production! See https://lit.dev/msg/dev-mode for more information.
  ✓  676 [webkit] › tests/visual/catalog.spec.ts:7:6 › delta narrow-dark-rtl (580ms)
[WebServer] 7:45:29 AM [vite] (client) [console.warn] Lit is in dev mode. Not recommended for production! See https://lit.dev/msg/dev-mode for more information.
  ✓  677 [webkit] › tests/visual/catalog.spec.ts:7:6 › key-value desktop-light (672ms)
[WebServer] 7:45:29 AM [vite] (client) [console.warn] Lit is in dev mode. Not recommended for production! See https://lit.dev/msg/dev-mode for more information.
  ✓  678 [webkit] › tests/visual/catalog.spec.ts:7:6 › key-value narrow-dark-rtl (614ms)
[WebServer] 7:45:30 AM [vite] (client) [console.warn] Lit is in dev mode. Not recommended for production! See https://lit.dev/msg/dev-mode for more information.
  ✓  679 [webkit] › tests/visual/catalog.spec.ts:7:6 › detail desktop-light (593ms)
[WebServer] 7:45:30 AM [vite] (client) [console.warn] Lit is in dev mode. Not recommended for production! See https://lit.dev/msg/dev-mode for more information.
  ✓  680 [webkit] › tests/visual/catalog.spec.ts:7:6 › detail narrow-dark-rtl (571ms)
[WebServer] 7:45:31 AM [vite] (client) [console.warn] Lit is in dev mode. Not recommended for production! See https://lit.dev/msg/dev-mode for more information.
  ✓  681 [webkit] › tests/visual/catalog.spec.ts:7:6 › record-list desktop-light (604ms)
[WebServer] 7:45:32 AM [vite] (client) [console.warn] Lit is in dev mode. Not recommended for production! See https://lit.dev/msg/dev-mode for more information.
  ✓  682 [webkit] › tests/visual/catalog.spec.ts:7:6 › record-list narrow-dark-rtl (593ms)
[WebServer] 7:45:32 AM [vite] (client) [console.warn] Lit is in dev mode. Not recommended for production! See https://lit.dev/msg/dev-mode for more information.
  ✓  683 [webkit] › tests/visual/catalog.spec.ts:7:6 › card-collection desktop-light (599ms)
[WebServer] 7:45:33 AM [vite] (client) [console.warn] Lit is in dev mode. Not recommended for production! See https://lit.dev/msg/dev-mode for more information.
  ✓  684 [webkit] › tests/visual/catalog.spec.ts:7:6 › card-collection narrow-dark-rtl (605ms)
[WebServer] 7:45:33 AM [vite] (client) [console.warn] Lit is in dev mode. Not recommended for production! See https://lit.dev/msg/dev-mode for more information.
  ✓  685 [webkit] › tests/visual/catalog.spec.ts:7:6 › table desktop-light (600ms)
[WebServer] 7:45:34 AM [vite] (client) [console.warn] Lit is in dev mode. Not recommended for production! See https://lit.dev/msg/dev-mode for more information.
  ✓  686 [webkit] › tests/visual/catalog.spec.ts:7:6 › table narrow-dark-rtl (692ms)
[WebServer] 7:45:35 AM [vite] (client) [console.warn] Lit is in dev mode. Not recommended for production! See https://lit.dev/msg/dev-mode for more information.
  ✓  687 [webkit] › tests/visual/catalog.spec.ts:7:6 › filter-builder desktop-light (575ms)
[WebServer] 7:45:35 AM [vite] (client) [console.warn] Lit is in dev mode. Not recommended for production! See https://lit.dev/msg/dev-mode for more information.
  ✓  688 [webkit] › tests/visual/catalog.spec.ts:7:6 › filter-builder narrow-dark-rtl (572ms)
[WebServer] 7:45:36 AM [vite] (client) [console.warn] Lit is in dev mode. Not recommended for production! See https://lit.dev/msg/dev-mode for more information.
  ✓  689 [webkit] › tests/visual/catalog.spec.ts:7:6 › selection-summary desktop-light (556ms)
[WebServer] 7:45:36 AM [vite] (client) [console.warn] Lit is in dev mode. Not recommended for production! See https://lit.dev/msg/dev-mode for more information.
  ✓  690 [webkit] › tests/visual/catalog.spec.ts:7:6 › selection-summary narrow-dark-rtl (561ms)
[WebServer] 7:45:37 AM [vite] (client) [console.warn] Lit is in dev mode. Not recommended for production! See https://lit.dev/msg/dev-mode for more information.
  ✓  691 [webkit] › tests/visual/catalog.spec.ts:7:6 › trend desktop-light (658ms)
[WebServer] 7:45:38 AM [vite] (client) [console.warn] Lit is in dev mode. Not recommended for production! See https://lit.dev/msg/dev-mode for more information.
  ✓  692 [webkit] › tests/visual/catalog.spec.ts:7:6 › trend narrow-dark-rtl (649ms)
[WebServer] 7:45:38 AM [vite] (client) [console.warn] Lit is in dev mode. Not recommended for production! See https://lit.dev/msg/dev-mode for more information.
  ✓  693 [webkit] › tests/visual/catalog.spec.ts:7:6 › bar desktop-light (652ms)
[WebServer] 7:45:39 AM [vite] (client) [console.warn] Lit is in dev mode. Not recommended for production! See https://lit.dev/msg/dev-mode for more information.
  ✓  694 [webkit] › tests/visual/catalog.spec.ts:7:6 › bar narrow-dark-rtl (622ms)
[WebServer] 7:45:40 AM [vite] (client) [console.warn] Lit is in dev mode. Not recommended for production! See https://lit.dev/msg/dev-mode for more information.
  ✓  695 [webkit] › tests/visual/catalog.spec.ts:7:6 › area desktop-light (645ms)
[WebServer] 7:45:40 AM [vite] (client) [console.warn] Lit is in dev mode. Not recommended for production! See https://lit.dev/msg/dev-mode for more information.
  ✓  696 [webkit] › tests/visual/catalog.spec.ts:7:6 › area narrow-dark-rtl (622ms)
[WebServer] 7:45:41 AM [vite] (client) [console.warn] Lit is in dev mode. Not recommended for production! See https://lit.dev/msg/dev-mode for more information.
  ✓  697 [webkit] › tests/visual/catalog.spec.ts:7:6 › scatter desktop-light (647ms)
[WebServer] 7:45:42 AM [vite] (client) [console.warn] Lit is in dev mode. Not recommended for production! See https://lit.dev/msg/dev-mode for more information.
  ✓  698 [webkit] › tests/visual/catalog.spec.ts:7:6 › scatter narrow-dark-rtl (780ms)
[WebServer] 7:45:42 AM [vite] (client) [console.warn] Lit is in dev mode. Not recommended for production! See https://lit.dev/msg/dev-mode for more information.
  ✓  699 [webkit] › tests/visual/catalog.spec.ts:7:6 › histogram desktop-light (737ms)
[WebServer] 7:45:43 AM [vite] (client) [console.warn] Lit is in dev mode. Not recommended for production! See https://lit.dev/msg/dev-mode for more information.
  ✓  700 [webkit] › tests/visual/catalog.spec.ts:7:6 › histogram narrow-dark-rtl (698ms)
[WebServer] 7:45:44 AM [vite] (client) [console.warn] Lit is in dev mode. Not recommended for production! See https://lit.dev/msg/dev-mode for more information.
  ✓  701 [webkit] › tests/visual/catalog.spec.ts:7:6 › heatmap desktop-light (710ms)
[WebServer] 7:45:44 AM [vite] (client) [console.warn] Lit is in dev mode. Not recommended for production! See https://lit.dev/msg/dev-mode for more information.
  ✓  702 [webkit] › tests/visual/catalog.spec.ts:7:6 › heatmap narrow-dark-rtl (650ms)
[WebServer] 7:45:45 AM [vite] (client) [console.warn] Lit is in dev mode. Not recommended for production! See https://lit.dev/msg/dev-mode for more information.
  ✓  703 [webkit] › tests/visual/catalog.spec.ts:7:6 › matrix desktop-light (597ms)
[WebServer] 7:45:46 AM [vite] (client) [console.warn] Lit is in dev mode. Not recommended for production! See https://lit.dev/msg/dev-mode for more information.
  ✓  704 [webkit] › tests/visual/catalog.spec.ts:7:6 › matrix narrow-dark-rtl (621ms)
[WebServer] 7:45:46 AM [vite] (client) [console.warn] Lit is in dev mode. Not recommended for production! See https://lit.dev/msg/dev-mode for more information.
  ✓  705 [webkit] › tests/visual/catalog.spec.ts:7:6 › relationship desktop-light (674ms)
[WebServer] 7:45:47 AM [vite] (client) [console.warn] Lit is in dev mode. Not recommended for production! See https://lit.dev/msg/dev-mode for more information.
  ✓  706 [webkit] › tests/visual/catalog.spec.ts:7:6 › relationship narrow-dark-rtl (678ms)
[WebServer] 7:45:48 AM [vite] (client) [console.warn] Lit is in dev mode. Not recommended for production! See https://lit.dev/msg/dev-mode for more information.
  ✓  707 [webkit] › tests/visual/catalog.spec.ts:7:6 › tree desktop-light (684ms)
[WebServer] 7:45:48 AM [vite] (client) [console.warn] Lit is in dev mode. Not recommended for production! See https://lit.dev/msg/dev-mode for more information.
  ✓  708 [webkit] › tests/visual/catalog.spec.ts:7:6 › tree narrow-dark-rtl (630ms)
[WebServer] 7:45:49 AM [vite] (client) [console.warn] Lit is in dev mode. Not recommended for production! See https://lit.dev/msg/dev-mode for more information.
  ✓  709 [webkit] › tests/visual/catalog.spec.ts:7:6 › treemap desktop-light (627ms)
[WebServer] 7:45:50 AM [vite] (client) [console.warn] Lit is in dev mode. Not recommended for production! See https://lit.dev/msg/dev-mode for more information.
  ✓  710 [webkit] › tests/visual/catalog.spec.ts:7:6 › treemap narrow-dark-rtl (607ms)
[WebServer] 7:45:50 AM [vite] (client) [console.warn] Lit is in dev mode. Not recommended for production! See https://lit.dev/msg/dev-mode for more information.
  ✓  711 [webkit] › tests/visual/catalog.spec.ts:7:6 › timeline desktop-light (627ms)
[WebServer] 7:45:51 AM [vite] (client) [console.warn] Lit is in dev mode. Not recommended for production! See https://lit.dev/msg/dev-mode for more information.
  ✓  712 [webkit] › tests/visual/catalog.spec.ts:7:6 › timeline narrow-dark-rtl (625ms)
[WebServer] 7:45:51 AM [vite] (client) [console.warn] Lit is in dev mode. Not recommended for production! See https://lit.dev/msg/dev-mode for more information.
  ✓  713 [webkit] › tests/visual/catalog.spec.ts:7:6 › calendar-grid desktop-light (625ms)
[WebServer] 7:45:52 AM [vite] (client) [console.warn] Lit is in dev mode. Not recommended for production! See https://lit.dev/msg/dev-mode for more information.
  ✓  714 [webkit] › tests/visual/catalog.spec.ts:7:6 › calendar-grid narrow-dark-rtl (742ms)
[WebServer] 7:45:53 AM [vite] (client) [console.warn] Lit is in dev mode. Not recommended for production! See https://lit.dev/msg/dev-mode for more information.
  ✓  715 [webkit] › tests/visual/catalog.spec.ts:7:6 › explorer desktop-light (816ms)
[WebServer] 7:45:54 AM [vite] (client) [console.warn] Lit is in dev mode. Not recommended for production! See https://lit.dev/msg/dev-mode for more information.
  ✓  716 [webkit] › tests/visual/catalog.spec.ts:7:6 › explorer narrow-dark-rtl (704ms)
[WebServer] 7:45:54 AM [vite] (client) [console.warn] Lit is in dev mode. Not recommended for production! See https://lit.dev/msg/dev-mode for more information.
  ✓  717 [webkit] › tests/visual/catalog.spec.ts:7:6 › comparison desktop-light (620ms)
[WebServer] 7:45:55 AM [vite] (client) [console.warn] Lit is in dev mode. Not recommended for production! See https://lit.dev/msg/dev-mode for more information.
  ✓  718 [webkit] › tests/visual/catalog.spec.ts:7:6 › comparison narrow-dark-rtl (581ms)
[WebServer] 7:45:56 AM [vite] (client) [console.warn] Lit is in dev mode. Not recommended for production! See https://lit.dev/msg/dev-mode for more information.
  ✓  719 [webkit] › tests/visual/catalog.spec.ts:7:6 › breakdown desktop-light (599ms)
[WebServer] 7:45:56 AM [vite] (client) [console.warn] Lit is in dev mode. Not recommended for production! See https://lit.dev/msg/dev-mode for more information.
  ✓  720 [webkit] › tests/visual/catalog.spec.ts:7:6 › breakdown narrow-dark-rtl (564ms)
[WebServer] 7:45:57 AM [vite] (client) [console.warn] Lit is in dev mode. Not recommended for production! See https://lit.dev/msg/dev-mode for more information.
  ✓  721 [webkit] › tests/visual/catalog.spec.ts:7:6 › investigation desktop-light (679ms)
[WebServer] 7:45:57 AM [vite] (client) [console.warn] Lit is in dev mode. Not recommended for production! See https://lit.dev/msg/dev-mode for more information.
  ✓  722 [webkit] › tests/visual/catalog.spec.ts:7:6 › investigation narrow-dark-rtl (683ms)
[WebServer] 7:45:58 AM [vite] (client) [console.warn] Lit is in dev mode. Not recommended for production! See https://lit.dev/msg/dev-mode for more information.
  ✓  723 [webkit] › tests/visual/catalog.spec.ts:7:6 › search-results desktop-light (560ms)
[WebServer] 7:45:59 AM [vite] (client) [console.warn] Lit is in dev mode. Not recommended for production! See https://lit.dev/msg/dev-mode for more information.
  ✓  724 [webkit] › tests/visual/catalog.spec.ts:7:6 › search-results narrow-dark-rtl (548ms)
[WebServer] 7:45:59 AM [vite] (client) [console.warn] Lit is in dev mode. Not recommended for production! See https://lit.dev/msg/dev-mode for more information.
  ✓  725 [webkit] › tests/visual/catalog.spec.ts:7:6 › record-editor desktop-light (581ms)
[WebServer] 7:46:00 AM [vite] (client) [console.warn] Lit is in dev mode. Not recommended for production! See https://lit.dev/msg/dev-mode for more information.
  ✓  726 [webkit] › tests/visual/catalog.spec.ts:7:6 › record-editor narrow-dark-rtl (574ms)
[WebServer] 7:46:00 AM [vite] (client) [console.warn] Lit is in dev mode. Not recommended for production! See https://lit.dev/msg/dev-mode for more information.
  ✓  727 [webkit] › tests/visual/catalog.spec.ts:7:6 › form-flow desktop-light (579ms)
[WebServer] 7:46:01 AM [vite] (client) [console.warn] Lit is in dev mode. Not recommended for production! See https://lit.dev/msg/dev-mode for more information.
  ✓  728 [webkit] › tests/visual/catalog.spec.ts:7:6 › form-flow narrow-dark-rtl (568ms)
[WebServer] 7:46:02 AM [vite] (client) [console.warn] Lit is in dev mode. Not recommended for production! See https://lit.dev/msg/dev-mode for more information.
  ✓  729 [webkit] › tests/visual/catalog.spec.ts:7:6 › quality-panel desktop-light (580ms)
[WebServer] 7:46:02 AM [vite] (client) [console.warn] Lit is in dev mode. Not recommended for production! See https://lit.dev/msg/dev-mode for more information.
  ✓  730 [webkit] › tests/visual/catalog.spec.ts:7:6 › quality-panel narrow-dark-rtl (716ms)
[WebServer] 7:46:03 AM [vite] (client) [console.warn] Lit is in dev mode. Not recommended for production! See https://lit.dev/msg/dev-mode for more information.
  ✓  731 [webkit] › tests/visual/data-states.spec.ts:130:7 › metric renders its supported alternate data states (1.9s)
[WebServer] 7:46:05 AM [vite] (client) [console.warn] Lit is in dev mode. Not recommended for production! See https://lit.dev/msg/dev-mode for more information.
  ✓  732 [webkit] › tests/visual/data-states.spec.ts:130:7 › delta renders its supported alternate data states (1.9s)
[WebServer] 7:46:07 AM [vite] (client) [console.warn] Lit is in dev mode. Not recommended for production! See https://lit.dev/msg/dev-mode for more information.
  ✓  733 [webkit] › tests/visual/data-states.spec.ts:130:7 › key-value renders its supported alternate data states (1.9s)
[WebServer] 7:46:09 AM [vite] (client) [console.warn] Lit is in dev mode. Not recommended for production! See https://lit.dev/msg/dev-mode for more information.
  ✓  734 [webkit] › tests/visual/data-states.spec.ts:130:7 › detail renders its supported alternate data states (2.0s)
[WebServer] 7:46:11 AM [vite] (client) [console.warn] Lit is in dev mode. Not recommended for production! See https://lit.dev/msg/dev-mode for more information.
  ✓  735 [webkit] › tests/visual/data-states.spec.ts:130:7 › record-list renders its supported alternate data states (2.0s)
[WebServer] 7:46:13 AM [vite] (client) [console.warn] Lit is in dev mode. Not recommended for production! See https://lit.dev/msg/dev-mode for more information.
  ✓  736 [webkit] › tests/visual/data-states.spec.ts:130:7 › card-collection renders its supported alternate data states (2.0s)
[WebServer] 7:46:15 AM [vite] (client) [console.warn] Lit is in dev mode. Not recommended for production! See https://lit.dev/msg/dev-mode for more information.
  ✓  737 [webkit] › tests/visual/data-states.spec.ts:130:7 › table renders its supported alternate data states (2.0s)
[WebServer] 7:46:17 AM [vite] (client) [console.warn] Lit is in dev mode. Not recommended for production! See https://lit.dev/msg/dev-mode for more information.
  ✓  738 [webkit] › tests/visual/data-states.spec.ts:130:7 › filter-builder renders its supported alternate data states (1.6s)
[WebServer] 7:46:18 AM [vite] (client) [console.warn] Lit is in dev mode. Not recommended for production! See https://lit.dev/msg/dev-mode for more information.
  ✓  739 [webkit] › tests/visual/data-states.spec.ts:130:7 › selection-summary renders its supported alternate data states (1.7s)
[WebServer] 7:46:20 AM [vite] (client) [console.warn] Lit is in dev mode. Not recommended for production! See https://lit.dev/msg/dev-mode for more information.
  ✓  740 [webkit] › tests/visual/data-states.spec.ts:247:7 › explorer renders its supported alternate compound states (2.3s)
[WebServer] 7:46:22 AM [vite] (client) [console.warn] Lit is in dev mode. Not recommended for production! See https://lit.dev/msg/dev-mode for more information.
  ✓  741 [webkit] › tests/visual/data-states.spec.ts:247:7 › comparison renders its supported alternate compound states (3.4s)
[WebServer] 7:46:26 AM [vite] (client) [console.warn] Lit is in dev mode. Not recommended for production! See https://lit.dev/msg/dev-mode for more information.
  ✓  742 [webkit] › tests/visual/data-states.spec.ts:247:7 › breakdown renders its supported alternate compound states (2.5s)
[WebServer] 7:46:28 AM [vite] (client) [console.warn] Lit is in dev mode. Not recommended for production! See https://lit.dev/msg/dev-mode for more information.
  ✓  743 [webkit] › tests/visual/data-states.spec.ts:247:7 › investigation renders its supported alternate compound states (2.5s)
[WebServer] 7:46:31 AM [vite] (client) [console.warn] Lit is in dev mode. Not recommended for production! See https://lit.dev/msg/dev-mode for more information.
  ✓  744 [webkit] › tests/visual/data-states.spec.ts:247:7 › search-results renders its supported alternate compound states (2.2s)
[WebServer] 7:46:33 AM [vite] (client) [console.warn] Lit is in dev mode. Not recommended for production! See https://lit.dev/msg/dev-mode for more information.
  ✓  745 [webkit] › tests/visual/data-states.spec.ts:247:7 › record-editor renders its supported alternate compound states (2.6s)
[WebServer] 7:46:35 AM [vite] (client) [console.warn] Lit is in dev mode. Not recommended for production! See https://lit.dev/msg/dev-mode for more information.
  ✓  746 [webkit] › tests/visual/data-states.spec.ts:247:7 › form-flow renders its supported alternate compound states (2.2s)
[WebServer] 7:46:38 AM [vite] (client) [console.warn] Lit is in dev mode. Not recommended for production! See https://lit.dev/msg/dev-mode for more information.
  ✓  747 [webkit] › tests/visual/data-states.spec.ts:247:7 › quality-panel renders its supported alternate compound states (1.9s)
[WebServer] 7:46:40 AM [vite] (client) [console.warn] Lit is in dev mode. Not recommended for production! See https://lit.dev/msg/dev-mode for more information.
  ✓  748 [webkit] › tests/visual/data-states.spec.ts:315:7 › trend renders its supported alternate visualization states (1.1s)
[WebServer] 7:46:41 AM [vite] (client) [console.warn] Lit is in dev mode. Not recommended for production! See https://lit.dev/msg/dev-mode for more information.
  ✓  749 [webkit] › tests/visual/data-states.spec.ts:315:7 › bar renders its supported alternate visualization states (1.1s)
[WebServer] 7:46:42 AM [vite] (client) [console.warn] Lit is in dev mode. Not recommended for production! See https://lit.dev/msg/dev-mode for more information.
  ✓  750 [webkit] › tests/visual/data-states.spec.ts:315:7 › area renders its supported alternate visualization states (1.1s)
[WebServer] 7:46:43 AM [vite] (client) [console.warn] Lit is in dev mode. Not recommended for production! See https://lit.dev/msg/dev-mode for more information.
  ✓  751 [webkit] › tests/visual/data-states.spec.ts:315:7 › scatter renders its supported alternate visualization states (1.1s)
[WebServer] 7:46:44 AM [vite] (client) [console.warn] Lit is in dev mode. Not recommended for production! See https://lit.dev/msg/dev-mode for more information.
  ✓  752 [webkit] › tests/visual/data-states.spec.ts:315:7 › histogram renders its supported alternate visualization states (1.2s)
[WebServer] 7:46:45 AM [vite] (client) [console.warn] Lit is in dev mode. Not recommended for production! See https://lit.dev/msg/dev-mode for more information.
  ✓  753 [webkit] › tests/visual/data-states.spec.ts:315:7 › heatmap renders its supported alternate visualization states (1.1s)
[WebServer] 7:46:46 AM [vite] (client) [console.warn] Lit is in dev mode. Not recommended for production! See https://lit.dev/msg/dev-mode for more information.
  ✓  754 [webkit] › tests/visual/data-states.spec.ts:315:7 › matrix renders its supported alternate visualization states (1.1s)
[WebServer] 7:46:47 AM [vite] (client) [console.warn] Lit is in dev mode. Not recommended for production! See https://lit.dev/msg/dev-mode for more information.
  ✓  755 [webkit] › tests/visual/data-states.spec.ts:315:7 › timeline renders its supported alternate visualization states (1.1s)
[WebServer] 7:46:49 AM [vite] (client) [console.warn] Lit is in dev mode. Not recommended for production! See https://lit.dev/msg/dev-mode for more information.
  ✓  756 [webkit] › tests/visual/data-states.spec.ts:315:7 › calendar-grid renders its supported alternate visualization states (1.1s)
[WebServer] 7:46:50 AM [vite] (client) [console.warn] Lit is in dev mode. Not recommended for production! See https://lit.dev/msg/dev-mode for more information.
  ✓  757 [webkit] › tests/visual/data-states.spec.ts:315:7 › tree renders its supported alternate visualization states (1.4s)
[WebServer] 7:46:51 AM [vite] (client) [console.warn] Lit is in dev mode. Not recommended for production! See https://lit.dev/msg/dev-mode for more information.
  ✓  758 [webkit] › tests/visual/data-states.spec.ts:315:7 › treemap renders its supported alternate visualization states (1.4s)
[WebServer] 7:46:52 AM [vite] (client) [console.warn] Lit is in dev mode. Not recommended for production! See https://lit.dev/msg/dev-mode for more information.
  ✓  759 [webkit] › tests/visual/data-states.spec.ts:315:7 › relationship renders its supported alternate visualization states (1.4s)
  ✓  760 [webkit] › tests/visual/data-states.spec.ts:336:7 › unsupported state coverage is explicit › records the public state gaps in the test report (0ms)
[WebServer] 7:46:54 AM [vite] (client) [console.warn] Lit is in dev mode. Not recommended for production! See https://lit.dev/msg/dev-mode for more information.
  ✓  761 [webkit] › tests/visual/field-states.spec.ts:10:7 › text-field disabled desktop-light (676ms)
[WebServer] 7:46:55 AM [vite] (client) [console.warn] Lit is in dev mode. Not recommended for production! See https://lit.dev/msg/dev-mode for more information.
  ✓  762 [webkit] › tests/visual/field-states.spec.ts:10:7 › text-field disabled narrow-dark-rtl (560ms)
[WebServer] 7:46:55 AM [vite] (client) [console.warn] Lit is in dev mode. Not recommended for production! See https://lit.dev/msg/dev-mode for more information.
  ✓  763 [webkit] › tests/visual/field-states.spec.ts:10:7 › text-field invalid desktop-light (582ms)
[WebServer] 7:46:56 AM [vite] (client) [console.warn] Lit is in dev mode. Not recommended for production! See https://lit.dev/msg/dev-mode for more information.
  ✓  764 [webkit] › tests/visual/field-states.spec.ts:10:7 › text-field invalid narrow-dark-rtl (542ms)
[WebServer] 7:46:56 AM [vite] (client) [console.warn] Lit is in dev mode. Not recommended for production! See https://lit.dev/msg/dev-mode for more information.
  ✓  765 [webkit] › tests/visual/field-states.spec.ts:10:7 › text-field pending desktop-light (566ms)
[WebServer] 7:46:57 AM [vite] (client) [console.warn] Lit is in dev mode. Not recommended for production! See https://lit.dev/msg/dev-mode for more information.
  ✓  766 [webkit] › tests/visual/field-states.spec.ts:10:7 › text-field pending narrow-dark-rtl (570ms)
[WebServer] 7:46:57 AM [vite] (client) [console.warn] Lit is in dev mode. Not recommended for production! See https://lit.dev/msg/dev-mode for more information.
  ✓  767 [webkit] › tests/visual/field-states.spec.ts:10:7 › text-field read-only desktop-light (583ms)
[WebServer] 7:46:58 AM [vite] (client) [console.warn] Lit is in dev mode. Not recommended for production! See https://lit.dev/msg/dev-mode for more information.
  ✓  768 [webkit] › tests/visual/field-states.spec.ts:10:7 › text-field read-only narrow-dark-rtl (642ms)
[WebServer] 7:46:59 AM [vite] (client) [console.warn] Lit is in dev mode. Not recommended for production! See https://lit.dev/msg/dev-mode for more information.
  ✓  769 [webkit] › tests/visual/field-states.spec.ts:10:7 › text-area disabled desktop-light (564ms)
[WebServer] 7:46:59 AM [vite] (client) [console.warn] Lit is in dev mode. Not recommended for production! See https://lit.dev/msg/dev-mode for more information.
  ✓  770 [webkit] › tests/visual/field-states.spec.ts:10:7 › text-area disabled narrow-dark-rtl (591ms)
[WebServer] 7:47:00 AM [vite] (client) [console.warn] Lit is in dev mode. Not recommended for production! See https://lit.dev/msg/dev-mode for more information.
  ✓  771 [webkit] › tests/visual/field-states.spec.ts:10:7 › text-area invalid desktop-light (559ms)
[WebServer] 7:47:00 AM [vite] (client) [console.warn] Lit is in dev mode. Not recommended for production! See https://lit.dev/msg/dev-mode for more information.
  ✓  772 [webkit] › tests/visual/field-states.spec.ts:10:7 › text-area invalid narrow-dark-rtl (569ms)
[WebServer] 7:47:01 AM [vite] (client) [console.warn] Lit is in dev mode. Not recommended for production! See https://lit.dev/msg/dev-mode for more information.
  ✓  773 [webkit] › tests/visual/field-states.spec.ts:10:7 › text-area pending desktop-light (583ms)
[WebServer] 7:47:02 AM [vite] (client) [console.warn] Lit is in dev mode. Not recommended for production! See https://lit.dev/msg/dev-mode for more information.
  ✓  774 [webkit] › tests/visual/field-states.spec.ts:10:7 › text-area pending narrow-dark-rtl (539ms)
[WebServer] 7:47:02 AM [vite] (client) [console.warn] Lit is in dev mode. Not recommended for production! See https://lit.dev/msg/dev-mode for more information.
  ✓  775 [webkit] › tests/visual/field-states.spec.ts:10:7 › text-area read-only desktop-light (561ms)
[WebServer] 7:47:03 AM [vite] (client) [console.warn] Lit is in dev mode. Not recommended for production! See https://lit.dev/msg/dev-mode for more information.
  ✓  776 [webkit] › tests/visual/field-states.spec.ts:10:7 › text-area read-only narrow-dark-rtl (546ms)
[WebServer] 7:47:03 AM [vite] (client) [console.warn] Lit is in dev mode. Not recommended for production! See https://lit.dev/msg/dev-mode for more information.
  ✓  777 [webkit] › tests/visual/field-states.spec.ts:10:7 › number-field disabled desktop-light (617ms)
[WebServer] 7:47:04 AM [vite] (client) [console.warn] Lit is in dev mode. Not recommended for production! See https://lit.dev/msg/dev-mode for more information.
  ✓  778 [webkit] › tests/visual/field-states.spec.ts:10:7 › number-field disabled narrow-dark-rtl (606ms)
[WebServer] 7:47:04 AM [vite] (client) [console.warn] Lit is in dev mode. Not recommended for production! See https://lit.dev/msg/dev-mode for more information.
  ✓  779 [webkit] › tests/visual/field-states.spec.ts:10:7 › number-field invalid desktop-light (635ms)
[WebServer] 7:47:05 AM [vite] (client) [console.warn] Lit is in dev mode. Not recommended for production! See https://lit.dev/msg/dev-mode for more information.
  ✓  780 [webkit] › tests/visual/field-states.spec.ts:10:7 › number-field invalid narrow-dark-rtl (574ms)
[WebServer] 7:47:06 AM [vite] (client) [console.warn] Lit is in dev mode. Not recommended for production! See https://lit.dev/msg/dev-mode for more information.
  ✓  781 [webkit] › tests/visual/field-states.spec.ts:10:7 › number-field pending desktop-light (584ms)
[WebServer] 7:47:06 AM [vite] (client) [console.warn] Lit is in dev mode. Not recommended for production! See https://lit.dev/msg/dev-mode for more information.
  ✓  782 [webkit] › tests/visual/field-states.spec.ts:10:7 › number-field pending narrow-dark-rtl (565ms)
[WebServer] 7:47:07 AM [vite] (client) [console.warn] Lit is in dev mode. Not recommended for production! See https://lit.dev/msg/dev-mode for more information.
  ✓  783 [webkit] › tests/visual/field-states.spec.ts:10:7 › number-field read-only desktop-light (597ms)
[WebServer] 7:47:07 AM [vite] (client) [console.warn] Lit is in dev mode. Not recommended for production! See https://lit.dev/msg/dev-mode for more information.
  ✓  784 [webkit] › tests/visual/field-states.spec.ts:10:7 › number-field read-only narrow-dark-rtl (609ms)
[WebServer] 7:47:08 AM [vite] (client) [console.warn] Lit is in dev mode. Not recommended for production! See https://lit.dev/msg/dev-mode for more information.
  ✓  785 [webkit] › tests/visual/field-states.spec.ts:10:7 › checkbox disabled desktop-light (633ms)
[WebServer] 7:47:09 AM [vite] (client) [console.warn] Lit is in dev mode. Not recommended for production! See https://lit.dev/msg/dev-mode for more information.
  ✓  786 [webkit] › tests/visual/field-states.spec.ts:10:7 › checkbox disabled narrow-dark-rtl (608ms)
[WebServer] 7:47:09 AM [vite] (client) [console.warn] Lit is in dev mode. Not recommended for production! See https://lit.dev/msg/dev-mode for more information.
  ✓  787 [webkit] › tests/visual/field-states.spec.ts:10:7 › checkbox invalid desktop-light (638ms)
[WebServer] 7:47:10 AM [vite] (client) [console.warn] Lit is in dev mode. Not recommended for production! See https://lit.dev/msg/dev-mode for more information.
  ✓  788 [webkit] › tests/visual/field-states.spec.ts:10:7 › checkbox invalid narrow-dark-rtl (647ms)
[WebServer] 7:47:11 AM [vite] (client) [console.warn] Lit is in dev mode. Not recommended for production! See https://lit.dev/msg/dev-mode for more information.
  ✓  789 [webkit] › tests/visual/field-states.spec.ts:10:7 › checkbox pending desktop-light (614ms)
[WebServer] 7:47:11 AM [vite] (client) [console.warn] Lit is in dev mode. Not recommended for production! See https://lit.dev/msg/dev-mode for more information.
  ✓  790 [webkit] › tests/visual/field-states.spec.ts:10:7 › checkbox pending narrow-dark-rtl (579ms)
[WebServer] 7:47:12 AM [vite] (client) [console.warn] Lit is in dev mode. Not recommended for production! See https://lit.dev/msg/dev-mode for more information.
  ✓  791 [webkit] › tests/visual/field-states.spec.ts:10:7 › radio-group disabled desktop-light (576ms)
[WebServer] 7:47:12 AM [vite] (client) [console.warn] Lit is in dev mode. Not recommended for production! See https://lit.dev/msg/dev-mode for more information.
  ✓  792 [webkit] › tests/visual/field-states.spec.ts:10:7 › radio-group disabled narrow-dark-rtl (563ms)
[WebServer] 7:47:13 AM [vite] (client) [console.warn] Lit is in dev mode. Not recommended for production! See https://lit.dev/msg/dev-mode for more information.
  ✓  793 [webkit] › tests/visual/field-states.spec.ts:10:7 › radio-group invalid desktop-light (578ms)
[WebServer] 7:47:13 AM [vite] (client) [console.warn] Lit is in dev mode. Not recommended for production! See https://lit.dev/msg/dev-mode for more information.
  ✓  794 [webkit] › tests/visual/field-states.spec.ts:10:7 › radio-group invalid narrow-dark-rtl (568ms)
[WebServer] 7:47:14 AM [vite] (client) [console.warn] Lit is in dev mode. Not recommended for production! See https://lit.dev/msg/dev-mode for more information.
  ✓  795 [webkit] › tests/visual/field-states.spec.ts:10:7 › radio-group pending desktop-light (576ms)
[WebServer] 7:47:15 AM [vite] (client) [console.warn] Lit is in dev mode. Not recommended for production! See https://lit.dev/msg/dev-mode for more information.
  ✓  796 [webkit] › tests/visual/field-states.spec.ts:10:7 › radio-group pending narrow-dark-rtl (568ms)
[WebServer] 7:47:15 AM [vite] (client) [console.warn] Lit is in dev mode. Not recommended for production! See https://lit.dev/msg/dev-mode for more information.
  ✓  797 [webkit] › tests/visual/field-states.spec.ts:10:7 › switch disabled desktop-light (565ms)
[WebServer] 7:47:16 AM [vite] (client) [console.warn] Lit is in dev mode. Not recommended for production! See https://lit.dev/msg/dev-mode for more information.
  ✓  798 [webkit] › tests/visual/field-states.spec.ts:10:7 › switch disabled narrow-dark-rtl (594ms)
[WebServer] 7:47:16 AM [vite] (client) [console.warn] Lit is in dev mode. Not recommended for production! See https://lit.dev/msg/dev-mode for more information.
  ✓  799 [webkit] › tests/visual/field-states.spec.ts:10:7 › switch invalid desktop-light (597ms)
[WebServer] 7:47:17 AM [vite] (client) [console.warn] Lit is in dev mode. Not recommended for production! See https://lit.dev/msg/dev-mode for more information.
  ✓  800 [webkit] › tests/visual/field-states.spec.ts:10:7 › switch invalid narrow-dark-rtl (550ms)
[WebServer] 7:47:18 AM [vite] (client) [console.warn] Lit is in dev mode. Not recommended for production! See https://lit.dev/msg/dev-mode for more information.
  ✓  801 [webkit] › tests/visual/field-states.spec.ts:10:7 › switch pending desktop-light (579ms)
[WebServer] 7:47:18 AM [vite] (client) [console.warn] Lit is in dev mode. Not recommended for production! See https://lit.dev/msg/dev-mode for more information.
  ✓  802 [webkit] › tests/visual/field-states.spec.ts:10:7 › switch pending narrow-dark-rtl (556ms)
[WebServer] 7:47:19 AM [vite] (client) [console.warn] Lit is in dev mode. Not recommended for production! See https://lit.dev/msg/dev-mode for more information.
  ✓  803 [webkit] › tests/visual/field-states.spec.ts:10:7 › select disabled desktop-light (594ms)
[WebServer] 7:47:19 AM [vite] (client) [console.warn] Lit is in dev mode. Not recommended for production! See https://lit.dev/msg/dev-mode for more information.
  ✓  804 [webkit] › tests/visual/field-states.spec.ts:10:7 › select disabled narrow-dark-rtl (602ms)
[WebServer] 7:47:20 AM [vite] (client) [console.warn] Lit is in dev mode. Not recommended for production! See https://lit.dev/msg/dev-mode for more information.
  ✓  805 [webkit] › tests/visual/field-states.spec.ts:10:7 › select invalid desktop-light (595ms)
[WebServer] 7:47:20 AM [vite] (client) [console.warn] Lit is in dev mode. Not recommended for production! See https://lit.dev/msg/dev-mode for more information.
  ✓  806 [webkit] › tests/visual/field-states.spec.ts:10:7 › select invalid narrow-dark-rtl (583ms)
[WebServer] 7:47:21 AM [vite] (client) [console.warn] Lit is in dev mode. Not recommended for production! See https://lit.dev/msg/dev-mode for more information.
  ✓  807 [webkit] › tests/visual/field-states.spec.ts:10:7 › select pending desktop-light (580ms)
[WebServer] 7:47:22 AM [vite] (client) [console.warn] Lit is in dev mode. Not recommended for production! See https://lit.dev/msg/dev-mode for more information.
  ✓  808 [webkit] › tests/visual/field-states.spec.ts:10:7 › select pending narrow-dark-rtl (573ms)
[WebServer] 7:47:22 AM [vite] (client) [console.warn] Lit is in dev mode. Not recommended for production! See https://lit.dev/msg/dev-mode for more information.
  ✓  809 [webkit] › tests/visual/field-states.spec.ts:10:7 › combobox disabled desktop-light (611ms)
[WebServer] 7:47:23 AM [vite] (client) [console.warn] Lit is in dev mode. Not recommended for production! See https://lit.dev/msg/dev-mode for more information.
  ✓  810 [webkit] › tests/visual/field-states.spec.ts:10:7 › combobox disabled narrow-dark-rtl (635ms)
[WebServer] 7:47:24 AM [vite] (client) [console.warn] Lit is in dev mode. Not recommended for production! See https://lit.dev/msg/dev-mode for more information.
  ✓  811 [webkit] › tests/visual/field-states.spec.ts:10:7 › combobox invalid desktop-light (648ms)
[WebServer] 7:47:24 AM [vite] (client) [console.warn] Lit is in dev mode. Not recommended for production! See https://lit.dev/msg/dev-mode for more information.
  ✓  812 [webkit] › tests/visual/field-states.spec.ts:10:7 › combobox invalid narrow-dark-rtl (580ms)
[WebServer] 7:47:25 AM [vite] (client) [console.warn] Lit is in dev mode. Not recommended for production! See https://lit.dev/msg/dev-mode for more information.
  ✓  813 [webkit] › tests/visual/field-states.spec.ts:10:7 › combobox pending desktop-light (587ms)
[WebServer] 7:47:25 AM [vite] (client) [console.warn] Lit is in dev mode. Not recommended for production! See https://lit.dev/msg/dev-mode for more information.
  ✓  814 [webkit] › tests/visual/field-states.spec.ts:10:7 › combobox pending narrow-dark-rtl (572ms)
[WebServer] 7:47:26 AM [vite] (client) [console.warn] Lit is in dev mode. Not recommended for production! See https://lit.dev/msg/dev-mode for more information.
  ✓  815 [webkit] › tests/visual/field-states.spec.ts:10:7 › date-field disabled desktop-light (573ms)
[WebServer] 7:47:26 AM [vite] (client) [console.warn] Lit is in dev mode. Not recommended for production! See https://lit.dev/msg/dev-mode for more information.
  ✓  816 [webkit] › tests/visual/field-states.spec.ts:10:7 › date-field disabled narrow-dark-rtl (558ms)
[WebServer] 7:47:27 AM [vite] (client) [console.warn] Lit is in dev mode. Not recommended for production! See https://lit.dev/msg/dev-mode for more information.
  ✓  817 [webkit] › tests/visual/field-states.spec.ts:10:7 › date-field invalid desktop-light (586ms)
[WebServer] 7:47:28 AM [vite] (client) [console.warn] Lit is in dev mode. Not recommended for production! See https://lit.dev/msg/dev-mode for more information.
  ✓  818 [webkit] › tests/visual/field-states.spec.ts:10:7 › date-field invalid narrow-dark-rtl (565ms)
[WebServer] 7:47:28 AM [vite] (client) [console.warn] Lit is in dev mode. Not recommended for production! See https://lit.dev/msg/dev-mode for more information.
  ✓  819 [webkit] › tests/visual/field-states.spec.ts:10:7 › date-field pending desktop-light (569ms)
[WebServer] 7:47:29 AM [vite] (client) [console.warn] Lit is in dev mode. Not recommended for production! See https://lit.dev/msg/dev-mode for more information.
  ✓  820 [webkit] › tests/visual/field-states.spec.ts:10:7 › date-field pending narrow-dark-rtl (552ms)
[WebServer] 7:47:29 AM [vite] (client) [console.warn] Lit is in dev mode. Not recommended for production! See https://lit.dev/msg/dev-mode for more information.
  ✓  821 [webkit] › tests/visual/field-states.spec.ts:10:7 › date-range disabled desktop-light (582ms)
[WebServer] 7:47:30 AM [vite] (client) [console.warn] Lit is in dev mode. Not recommended for production! See https://lit.dev/msg/dev-mode for more information.
  ✓  822 [webkit] › tests/visual/field-states.spec.ts:10:7 › date-range disabled narrow-dark-rtl (559ms)
[WebServer] 7:47:31 AM [vite] (client) [console.warn] Lit is in dev mode. Not recommended for production! See https://lit.dev/msg/dev-mode for more information.
  ✓  823 [webkit] › tests/visual/field-states.spec.ts:10:7 › date-range invalid desktop-light (656ms)
[WebServer] 7:47:31 AM [vite] (client) [console.warn] Lit is in dev mode. Not recommended for production! See https://lit.dev/msg/dev-mode for more information.
  ✓  824 [webkit] › tests/visual/field-states.spec.ts:10:7 › date-range invalid narrow-dark-rtl (574ms)
[WebServer] 7:47:32 AM [vite] (client) [console.warn] Lit is in dev mode. Not recommended for production! See https://lit.dev/msg/dev-mode for more information.
  ✓  825 [webkit] › tests/visual/field-states.spec.ts:10:7 › date-range pending desktop-light (571ms)
[WebServer] 7:47:32 AM [vite] (client) [console.warn] Lit is in dev mode. Not recommended for production! See https://lit.dev/msg/dev-mode for more information.
  ✓  826 [webkit] › tests/visual/field-states.spec.ts:10:7 › date-range pending narrow-dark-rtl (577ms)
[WebServer] 7:47:33 AM [vite] (client) [console.warn] Lit is in dev mode. Not recommended for production! See https://lit.dev/msg/dev-mode for more information.
  ✓  827 [webkit] › tests/visual/field-states.spec.ts:10:7 › slider disabled desktop-light (600ms)
[WebServer] 7:47:33 AM [vite] (client) [console.warn] Lit is in dev mode. Not recommended for production! See https://lit.dev/msg/dev-mode for more information.
  ✓  828 [webkit] › tests/visual/field-states.spec.ts:10:7 › slider disabled narrow-dark-rtl (574ms)
[WebServer] 7:47:34 AM [vite] (client) [console.warn] Lit is in dev mode. Not recommended for production! See https://lit.dev/msg/dev-mode for more information.
  ✓  829 [webkit] › tests/visual/field-states.spec.ts:10:7 › slider invalid desktop-light (583ms)
[WebServer] 7:47:35 AM [vite] (client) [console.warn] Lit is in dev mode. Not recommended for production! See https://lit.dev/msg/dev-mode for more information.
  ✓  830 [webkit] › tests/visual/field-states.spec.ts:10:7 › slider invalid narrow-dark-rtl (568ms)
[WebServer] 7:47:35 AM [vite] (client) [console.warn] Lit is in dev mode. Not recommended for production! See https://lit.dev/msg/dev-mode for more information.
  ✓  831 [webkit] › tests/visual/field-states.spec.ts:10:7 › slider pending desktop-light (571ms)
[WebServer] 7:47:36 AM [vite] (client) [console.warn] Lit is in dev mode. Not recommended for production! See https://lit.dev/msg/dev-mode for more information.
  ✓  832 [webkit] › tests/visual/field-states.spec.ts:10:7 › slider pending narrow-dark-rtl (572ms)
[WebServer] 7:47:36 AM [vite] (client) [console.warn] Lit is in dev mode. Not recommended for production! See https://lit.dev/msg/dev-mode for more information.
  ✓  833 [webkit] › tests/visual/field-states.spec.ts:10:7 › search-field disabled desktop-light (556ms)
[WebServer] 7:47:37 AM [vite] (client) [console.warn] Lit is in dev mode. Not recommended for production! See https://lit.dev/msg/dev-mode for more information.
  ✓  834 [webkit] › tests/visual/field-states.spec.ts:10:7 › search-field disabled narrow-dark-rtl (612ms)
[WebServer] 7:47:38 AM [vite] (client) [console.warn] Lit is in dev mode. Not recommended for production! See https://lit.dev/msg/dev-mode for more information.
  ✓  835 [webkit] › tests/visual/field-states.spec.ts:10:7 › search-field invalid desktop-light (596ms)
[WebServer] 7:47:38 AM [vite] (client) [console.warn] Lit is in dev mode. Not recommended for production! See https://lit.dev/msg/dev-mode for more information.
  ✓  836 [webkit] › tests/visual/field-states.spec.ts:10:7 › search-field invalid narrow-dark-rtl (553ms)
[WebServer] 7:47:39 AM [vite] (client) [console.warn] Lit is in dev mode. Not recommended for production! See https://lit.dev/msg/dev-mode for more information.
  ✓  837 [webkit] › tests/visual/field-states.spec.ts:10:7 › search-field pending desktop-light (578ms)
[WebServer] 7:47:39 AM [vite] (client) [console.warn] Lit is in dev mode. Not recommended for production! See https://lit.dev/msg/dev-mode for more information.
  ✓  838 [webkit] › tests/visual/field-states.spec.ts:10:7 › search-field pending narrow-dark-rtl (552ms)
[WebServer] 7:47:40 AM [vite] (client) [console.warn] Lit is in dev mode. Not recommended for production! See https://lit.dev/msg/dev-mode for more information.
  ✓  839 [webkit] › tests/visual/field-states.spec.ts:10:7 › file-input disabled desktop-light (560ms)
[WebServer] 7:47:40 AM [vite] (client) [console.warn] Lit is in dev mode. Not recommended for production! See https://lit.dev/msg/dev-mode for more information.
  ✓  840 [webkit] › tests/visual/field-states.spec.ts:10:7 › file-input disabled narrow-dark-rtl (537ms)
[WebServer] 7:47:41 AM [vite] (client) [console.warn] Lit is in dev mode. Not recommended for production! See https://lit.dev/msg/dev-mode for more information.
  ✓  841 [webkit] › tests/visual/field-states.spec.ts:10:7 › file-input invalid desktop-light (603ms)
[WebServer] 7:47:42 AM [vite] (client) [console.warn] Lit is in dev mode. Not recommended for production! See https://lit.dev/msg/dev-mode for more information.
  ✓  842 [webkit] › tests/visual/field-states.spec.ts:10:7 › file-input invalid narrow-dark-rtl (576ms)
[WebServer] 7:47:42 AM [vite] (client) [console.warn] Lit is in dev mode. Not recommended for production! See https://lit.dev/msg/dev-mode for more information.
  ✓  843 [webkit] › tests/visual/field-states.spec.ts:10:7 › file-input pending desktop-light (571ms)
[WebServer] 7:47:43 AM [vite] (client) [console.warn] Lit is in dev mode. Not recommended for production! See https://lit.dev/msg/dev-mode for more information.
  ✓  844 [webkit] › tests/visual/field-states.spec.ts:10:7 › file-input pending narrow-dark-rtl (550ms)
[WebServer] 7:47:43 AM [vite] (client) [console.warn] Lit is in dev mode. Not recommended for production! See https://lit.dev/msg/dev-mode for more information.
  ✓  845 [webkit] › tests/visual/structure-states.spec.ts:76:9 › desktop-light › button disabled and action-busy states remain native (565ms)
[WebServer] 7:47:44 AM [vite] (client) [console.warn] Lit is in dev mode. Not recommended for production! See https://lit.dev/msg/dev-mode for more information.
  ✓  846 [webkit] › tests/visual/structure-states.spec.ts:76:9 › desktop-light › icon-button disabled and action-busy states remain native (574ms)
[WebServer] 7:47:44 AM [vite] (client) [console.warn] Lit is in dev mode. Not recommended for production! See https://lit.dev/msg/dev-mode for more information.
  ✓  847 [webkit] › tests/visual/structure-states.spec.ts:94:7 › desktop-light › link disabled state removes navigation affordance (555ms)
[WebServer] 7:47:45 AM [vite] (client) [console.warn] Lit is in dev mode. Not recommended for production! See https://lit.dev/msg/dev-mode for more information.
  ✓  848 [webkit] › tests/visual/structure-states.spec.ts:102:7 › desktop-light › breadcrumb preserves current-location semantics and approved navigation intent (601ms)
[WebServer] 7:47:46 AM [vite] (client) [console.warn] Lit is in dev mode. Not recommended for production! See https://lit.dev/msg/dev-mode for more information.
  ✓  849 [webkit] › tests/visual/structure-states.spec.ts:115:7 › desktop-light › split pane disabled state blocks keyboard resizing (576ms)
[WebServer] 7:47:46 AM [vite] (client) [console.warn] Lit is in dev mode. Not recommended for production! See https://lit.dev/msg/dev-mode for more information.
  ✓  850 [webkit] › tests/visual/structure-states.spec.ts:128:7 › desktop-light › tabs commit selection by stable ID and keep disabled history unavailable (628ms)
[WebServer] 7:47:47 AM [vite] (client) [console.warn] Lit is in dev mode. Not recommended for production! See https://lit.dev/msg/dev-mode for more information.
  ✓  851 [webkit] › tests/visual/structure-states.spec.ts:146:7 › desktop-light › menu skips disabled actions, closes on Escape, and restores trigger focus (618ms)
[WebServer] 7:47:47 AM [vite] (client) [console.warn] Lit is in dev mode. Not recommended for production! See https://lit.dev/msg/dev-mode for more information.
  ✓  852 [webkit] › tests/visual/structure-states.spec.ts:171:7 › desktop-light › pagination blocks pending changes and commits an enabled page request (601ms)
[WebServer] 7:47:48 AM [vite] (client) [console.warn] Lit is in dev mode. Not recommended for production! See https://lit.dev/msg/dev-mode for more information.
  ✓  853 [webkit] › tests/visual/structure-states.spec.ts:187:7 › desktop-light › pagination disables both directions at a known single-page boundary (598ms)
[WebServer] 7:47:49 AM [vite] (client) [console.warn] Lit is in dev mode. Not recommended for production! See https://lit.dev/msg/dev-mode for more information.
  ✓  854 [webkit] › tests/visual/structure-states.spec.ts:200:7 › desktop-light › tree navigation selects enabled IDs and leaves disabled nodes inert (703ms)
[WebServer] 7:47:49 AM [vite] (client) [console.warn] Lit is in dev mode. Not recommended for production! See https://lit.dev/msg/dev-mode for more information.
  ✓  855 [webkit] › tests/visual/structure-states.spec.ts:219:7 › desktop-light › tooltip opens on focus and closes on Escape (579ms)
[WebServer] 7:47:50 AM [vite] (client) [console.warn] Lit is in dev mode. Not recommended for production! See https://lit.dev/msg/dev-mode for more information.
  ✓  856 [webkit] › tests/visual/structure-states.spec.ts:233:7 › desktop-light › nonmodal popover dismisses outside while modal mode traps focus and Escape closes (663ms)
[WebServer] 7:47:51 AM [vite] (client) [console.warn] Lit is in dev mode. Not recommended for production! See https://lit.dev/msg/dev-mode for more information.
  ✓  857 [webkit] › tests/visual/structure-states.spec.ts:264:7 › desktop-light › dialog honors Escape policy and returns focus after close (601ms)
[WebServer] 7:47:51 AM [vite] (client) [console.warn] Lit is in dev mode. Not recommended for production! See https://lit.dev/msg/dev-mode for more information.
  ✓  858 [webkit] › tests/visual/structure-states.spec.ts:283:7 › desktop-light › drawer preserves inline disclosure and modal Escape closure (566ms)
[WebServer] 7:47:52 AM [vite] (client) [console.warn] Lit is in dev mode. Not recommended for production! See https://lit.dev/msg/dev-mode for more information.
  ✓  859 [webkit] › tests/visual/structure-states.spec.ts:298:7 › desktop-light › toast distinguishes persistent danger feedback from dismissible success feedback (649ms)
[WebServer] 7:47:52 AM [vite] (client) [console.warn] Lit is in dev mode. Not recommended for production! See https://lit.dev/msg/dev-mode for more information.
  ✓  860 [webkit] › tests/visual/structure-states.spec.ts:316:7 › desktop-light › alert action and dismissal preserve live status semantics (612ms)
[WebServer] 7:47:53 AM [vite] (client) [console.warn] Lit is in dev mode. Not recommended for production! See https://lit.dev/msg/dev-mode for more information.
  ✓  861 [webkit] › tests/visual/structure-states.spec.ts:330:7 › desktop-light › progress exposes determinate and indeterminate states without false values (567ms)
[WebServer] 7:47:54 AM [vite] (client) [console.warn] Lit is in dev mode. Not recommended for production! See https://lit.dev/msg/dev-mode for more information.
  ✓  862 [webkit] › tests/visual/structure-states.spec.ts:342:7 › desktop-light › empty and loading feedback states expose truthful live regions (611ms)
[WebServer] 7:47:54 AM [vite] (client) [console.warn] Lit is in dev mode. Not recommended for production! See https://lit.dev/msg/dev-mode for more information.
  ✓  863 [webkit] › tests/visual/structure-states.spec.ts:356:7 › desktop-light › skeleton loading geometry respects reduced motion and alternate shape (568ms)
[WebServer] 7:47:55 AM [vite] (client) [console.warn] Lit is in dev mode. Not recommended for production! See https://lit.dev/msg/dev-mode for more information.
  ✓  864 [webkit] › tests/visual/structure-states.spec.ts:76:9 › narrow-dark-rtl › button disabled and action-busy states remain native (590ms)
[WebServer] 7:47:55 AM [vite] (client) [console.warn] Lit is in dev mode. Not recommended for production! See https://lit.dev/msg/dev-mode for more information.
  ✓  865 [webkit] › tests/visual/structure-states.spec.ts:76:9 › narrow-dark-rtl › icon-button disabled and action-busy states remain native (557ms)
[WebServer] 7:47:56 AM [vite] (client) [console.warn] Lit is in dev mode. Not recommended for production! See https://lit.dev/msg/dev-mode for more information.
  ✓  866 [webkit] › tests/visual/structure-states.spec.ts:94:7 › narrow-dark-rtl › link disabled state removes navigation affordance (549ms)
[WebServer] 7:47:56 AM [vite] (client) [console.warn] Lit is in dev mode. Not recommended for production! See https://lit.dev/msg/dev-mode for more information.
  ✓  867 [webkit] › tests/visual/structure-states.spec.ts:102:7 › narrow-dark-rtl › breadcrumb preserves current-location semantics and approved navigation intent (580ms)
[WebServer] 7:47:57 AM [vite] (client) [console.warn] Lit is in dev mode. Not recommended for production! See https://lit.dev/msg/dev-mode for more information.
  ✓  868 [webkit] › tests/visual/structure-states.spec.ts:115:7 › narrow-dark-rtl › split pane disabled state blocks keyboard resizing (565ms)
[WebServer] 7:47:58 AM [vite] (client) [console.warn] Lit is in dev mode. Not recommended for production! See https://lit.dev/msg/dev-mode for more information.
  ✓  869 [webkit] › tests/visual/structure-states.spec.ts:128:7 › narrow-dark-rtl › tabs commit selection by stable ID and keep disabled history unavailable (591ms)
[WebServer] 7:47:58 AM [vite] (client) [console.warn] Lit is in dev mode. Not recommended for production! See https://lit.dev/msg/dev-mode for more information.
  ✓  870 [webkit] › tests/visual/structure-states.spec.ts:146:7 › narrow-dark-rtl › menu skips disabled actions, closes on Escape, and restores trigger focus (608ms)
[WebServer] 7:47:59 AM [vite] (client) [console.warn] Lit is in dev mode. Not recommended for production! See https://lit.dev/msg/dev-mode for more information.
  ✓  871 [webkit] › tests/visual/structure-states.spec.ts:171:7 › narrow-dark-rtl › pagination blocks pending changes and commits an enabled page request (601ms)
[WebServer] 7:47:59 AM [vite] (client) [console.warn] Lit is in dev mode. Not recommended for production! See https://lit.dev/msg/dev-mode for more information.
  ✓  872 [webkit] › tests/visual/structure-states.spec.ts:187:7 › narrow-dark-rtl › pagination disables both directions at a known single-page boundary (567ms)
[WebServer] 7:48:00 AM [vite] (client) [console.warn] Lit is in dev mode. Not recommended for production! See https://lit.dev/msg/dev-mode for more information.
  ✓  873 [webkit] › tests/visual/structure-states.spec.ts:200:7 › narrow-dark-rtl › tree navigation selects enabled IDs and leaves disabled nodes inert (696ms)
[WebServer] 7:48:01 AM [vite] (client) [console.warn] Lit is in dev mode. Not recommended for production! See https://lit.dev/msg/dev-mode for more information.
  ✓  874 [webkit] › tests/visual/structure-states.spec.ts:219:7 › narrow-dark-rtl › tooltip opens on focus and closes on Escape (554ms)
[WebServer] 7:48:01 AM [vite] (client) [console.warn] Lit is in dev mode. Not recommended for production! See https://lit.dev/msg/dev-mode for more information.
  ✓  875 [webkit] › tests/visual/structure-states.spec.ts:233:7 › narrow-dark-rtl › nonmodal popover dismisses outside while modal mode traps focus and Escape closes (649ms)
[WebServer] 7:48:02 AM [vite] (client) [console.warn] Lit is in dev mode. Not recommended for production! See https://lit.dev/msg/dev-mode for more information.
  ✓  876 [webkit] › tests/visual/structure-states.spec.ts:264:7 › narrow-dark-rtl › dialog honors Escape policy and returns focus after close (603ms)
[WebServer] 7:48:03 AM [vite] (client) [console.warn] Lit is in dev mode. Not recommended for production! See https://lit.dev/msg/dev-mode for more information.
  ✓  877 [webkit] › tests/visual/structure-states.spec.ts:283:7 › narrow-dark-rtl › drawer preserves inline disclosure and modal Escape closure (572ms)
[WebServer] 7:48:03 AM [vite] (client) [console.warn] Lit is in dev mode. Not recommended for production! See https://lit.dev/msg/dev-mode for more information.
  ✓  878 [webkit] › tests/visual/structure-states.spec.ts:298:7 › narrow-dark-rtl › toast distinguishes persistent danger feedback from dismissible success feedback (629ms)
[WebServer] 7:48:04 AM [vite] (client) [console.warn] Lit is in dev mode. Not recommended for production! See https://lit.dev/msg/dev-mode for more information.
  ✓  879 [webkit] › tests/visual/structure-states.spec.ts:316:7 › narrow-dark-rtl › alert action and dismissal preserve live status semantics (630ms)
[WebServer] 7:48:04 AM [vite] (client) [console.warn] Lit is in dev mode. Not recommended for production! See https://lit.dev/msg/dev-mode for more information.
  ✓  880 [webkit] › tests/visual/structure-states.spec.ts:330:7 › narrow-dark-rtl › progress exposes determinate and indeterminate states without false values (552ms)
[WebServer] 7:48:05 AM [vite] (client) [console.warn] Lit is in dev mode. Not recommended for production! See https://lit.dev/msg/dev-mode for more information.
  ✓  881 [webkit] › tests/visual/structure-states.spec.ts:342:7 › narrow-dark-rtl › empty and loading feedback states expose truthful live regions (597ms)
[WebServer] 7:48:06 AM [vite] (client) [console.warn] Lit is in dev mode. Not recommended for production! See https://lit.dev/msg/dev-mode for more information.
  ✓  882 [webkit] › tests/visual/structure-states.spec.ts:356:7 › narrow-dark-rtl › skeleton loading geometry respects reduced motion and alternate shape (553ms)

  882 passed (10.0m)
